Timing Analyzer report for buzzer
Thu Oct 30 22:00:55 2025
Quartus Prime Version 20.1.1 Build 720 11/11/2020 SJ Lite Edition


---------------------
; Table of Contents ;
---------------------
  1. Legal Notice
  2. Timing Analyzer Summary
  3. Parallel Compilation
  4. Clocks
  5. Slow 1200mV 85C Model Fmax Summary
  6. Timing Closure Recommendations
  7. Slow 1200mV 85C Model Setup Summary
  8. Slow 1200mV 85C Model Hold Summary
  9. Slow 1200mV 85C Model Recovery Summary
 10. Slow 1200mV 85C Model Removal Summary
 11. Slow 1200mV 85C Model Minimum Pulse Width Summary
 12. Slow 1200mV 85C Model Setup: 'clk'
 13. Slow 1200mV 85C Model Hold: 'clk'
 14. Slow 1200mV 85C Model Metastability Summary
 15. Slow 1200mV 0C Model Fmax Summary
 16. Slow 1200mV 0C Model Setup Summary
 17. Slow 1200mV 0C Model Hold Summary
 18. Slow 1200mV 0C Model Recovery Summary
 19. Slow 1200mV 0C Model Removal Summary
 20. Slow 1200mV 0C Model Minimum Pulse Width Summary
 21. Slow 1200mV 0C Model Setup: 'clk'
 22. Slow 1200mV 0C Model Hold: 'clk'
 23. Slow 1200mV 0C Model Metastability Summary
 24. Fast 1200mV 0C Model Setup Summary
 25. Fast 1200mV 0C Model Hold Summary
 26. Fast 1200mV 0C Model Recovery Summary
 27. Fast 1200mV 0C Model Removal Summary
 28. Fast 1200mV 0C Model Minimum Pulse Width Summary
 29. Fast 1200mV 0C Model Setup: 'clk'
 30. Fast 1200mV 0C Model Hold: 'clk'
 31. Fast 1200mV 0C Model Metastability Summary
 32. Multicorner Timing Analysis Summary
 33. Board Trace Model Assignments
 34. Input Transition Times
 35. Signal Integrity Metrics (Slow 1200mv 0c Model)
 36. Signal Integrity Metrics (Slow 1200mv 85c Model)
 37. Signal Integrity Metrics (Fast 1200mv 0c Model)
 38. Setup Transfers
 39. Hold Transfers
 40. Report TCCS
 41. Report RSKM
 42. Unconstrained Paths Summary
 43. Clock Status Summary
 44. Unconstrained Input Ports
 45. Unconstrained Output Ports
 46. Unconstrained Input Ports
 47. Unconstrained Output Ports
 48. Timing Analyzer Messages



----------------
; Legal Notice ;
----------------
Copyright (C) 2020  Intel Corporation. All rights reserved.
Your use of Intel Corporation's design tools, logic functions 
and other software and tools, and any partner logic 
functions, and any output files from any of the foregoing 
(including device programming or simulation files), and any 
associated documentation or information are expressly subject 
to the terms and conditions of the Intel Program License 
Subscription Agreement, the Intel Quartus Prime License Agreement,
the Intel FPGA IP License Agreement, or other applicable license
agreement, including, without limitation, that your use is for
the sole purpose of programming logic devices manufactured by
Intel and sold by Intel or its authorized distributors.  Please
refer to the applicable agreement for further details, at
https://fpgasoftware.intel.com/eula.



+-----------------------------------------------------------------------------+
; Timing Analyzer Summary                                                     ;
+-----------------------+-----------------------------------------------------+
; Quartus Prime Version ; Version 20.1.1 Build 720 11/11/2020 SJ Lite Edition ;
; Timing Analyzer       ; Legacy Timing Analyzer                              ;
; Revision Name         ; buzzer                                              ;
; Device Family         ; Cyclone IV E                                        ;
; Device Name           ; EP4CE6E22C8                                         ;
; Timing Models         ; Final                                               ;
; Delay Model           ; Combined                                            ;
; Rise/Fall Delays      ; Enabled                                             ;
+-----------------------+-----------------------------------------------------+


+------------------------------------------+
; Parallel Compilation                     ;
+----------------------------+-------------+
; Processors                 ; Number      ;
+----------------------------+-------------+
; Number detected on machine ; 16          ;
; Maximum allowed            ; 16          ;
;                            ;             ;
; Average used               ; 1.02        ;
; Maximum used               ; 16          ;
;                            ;             ;
; Usage by Processor         ; % Time Used ;
;     Processor 1            ; 100.0%      ;
;     Processors 2-16        ;   0.1%      ;
+----------------------------+-------------+


+---------------------------------------------------------------------------------------------------------------------------------------------------------------------------------+
; Clocks                                                                                                                                                                          ;
+------------+------+--------+------------+-------+-------+------------+-----------+-------------+-------+--------+-----------+------------+----------+--------+--------+---------+
; Clock Name ; Type ; Period ; Frequency  ; Rise  ; Fall  ; Duty Cycle ; Divide by ; Multiply by ; Phase ; Offset ; Edge List ; Edge Shift ; Inverted ; Master ; Source ; Targets ;
+------------+------+--------+------------+-------+-------+------------+-----------+-------------+-------+--------+-----------+------------+----------+--------+--------+---------+
; clk        ; Base ; 1.000  ; 1000.0 MHz ; 0.000 ; 0.500 ;            ;           ;             ;       ;        ;           ;            ;          ;        ;        ; { clk } ;
+------------+------+--------+------------+-------+-------+------------+-----------+-------------+-------+--------+-----------+------------+----------+--------+--------+---------+


+--------------------------------------------------+
; Slow 1200mV 85C Model Fmax Summary               ;
+------------+-----------------+------------+------+
; Fmax       ; Restricted Fmax ; Clock Name ; Note ;
+------------+-----------------+------------+------+
; 200.08 MHz ; 200.08 MHz      ; clk        ;      ;
+------------+-----------------+------------+------+
This panel reports FMAX for every clock in the design, regardless of the user-specified clock periods.  FMAX is only computed for paths where the source and destination registers or ports are driven by the same clock.  Paths of different clocks, including generated clocks, are ignored.  For paths between a clock and its inversion, FMAX is computed as if the rising and falling edges are scaled along with FMAX, such that the duty cycle (in terms of a percentage) is maintained. Altera recommends that you always use clock constraints and other slack reports for sign-off analysis.


----------------------------------
; Timing Closure Recommendations ;
----------------------------------
HTML report is unavailable in plain text report export.


+-------------------------------------+
; Slow 1200mV 85C Model Setup Summary ;
+-------+--------+--------------------+
; Clock ; Slack  ; End Point TNS      ;
+-------+--------+--------------------+
; clk   ; -3.998 ; -183.932           ;
+-------+--------+--------------------+


+------------------------------------+
; Slow 1200mV 85C Model Hold Summary ;
+-------+-------+--------------------+
; Clock ; Slack ; End Point TNS      ;
+-------+-------+--------------------+
; clk   ; 0.452 ; 0.000              ;
+-------+-------+--------------------+


------------------------------------------
; Slow 1200mV 85C Model Recovery Summary ;
------------------------------------------
No paths to report.


-----------------------------------------
; Slow 1200mV 85C Model Removal Summary ;
-----------------------------------------
No paths to report.


+---------------------------------------------------+
; Slow 1200mV 85C Model Minimum Pulse Width Summary ;
+-------+--------+----------------------------------+
; Clock ; Slack  ; End Point TNS                    ;
+-------+--------+----------------------------------+
; clk   ; -3.000 ; -107.090                         ;
+-------+--------+----------------------------------+


+--------------------------------------------------------------------------------------------------------------------------------------------------------+
; Slow 1200mV 85C Model Setup: 'clk'                                                                                                                     ;
+--------+------------------------------------+------------------------------------+--------------+-------------+--------------+------------+------------+
; Slack  ; From Node                          ; To Node                            ; Launch Clock ; Latch Clock ; Relationship ; Clock Skew ; Data Delay ;
+--------+------------------------------------+------------------------------------+--------------+-------------+--------------+------------+------------+
; -3.998 ; buzzer:buzzer_inst|target_freq[7]  ; buzzer:buzzer_inst|target_freq[15] ; clk          ; clk         ; 1.000        ; -0.081     ; 4.918      ;
; -3.873 ; buzzer:buzzer_inst|target_freq[9]  ; buzzer:buzzer_inst|target_freq[15] ; clk          ; clk         ; 1.000        ; -0.081     ; 4.793      ;
; -3.852 ; buzzer:buzzer_inst|target_freq[7]  ; buzzer:buzzer_inst|target_freq[13] ; clk          ; clk         ; 1.000        ; -0.081     ; 4.772      ;
; -3.851 ; buzzer:buzzer_inst|target_freq[7]  ; buzzer:buzzer_inst|target_freq[14] ; clk          ; clk         ; 1.000        ; -0.081     ; 4.771      ;
; -3.761 ; buzzer:buzzer_inst|target_freq[11] ; buzzer:buzzer_inst|target_freq[15] ; clk          ; clk         ; 1.000        ; -0.081     ; 4.681      ;
; -3.758 ; buzzer:buzzer_inst|target_freq[8]  ; buzzer:buzzer_inst|target_freq[15] ; clk          ; clk         ; 1.000        ; -0.081     ; 4.678      ;
; -3.757 ; buzzer:buzzer_inst|target_freq[6]  ; buzzer:buzzer_inst|target_freq[15] ; clk          ; clk         ; 1.000        ; -0.081     ; 4.677      ;
; -3.735 ; buzzer:buzzer_inst|target_freq[7]  ; buzzer:buzzer_inst|target_freq[10] ; clk          ; clk         ; 1.000        ; -0.081     ; 4.655      ;
; -3.735 ; buzzer:buzzer_inst|target_freq[7]  ; buzzer:buzzer_inst|target_freq[11] ; clk          ; clk         ; 1.000        ; -0.081     ; 4.655      ;
; -3.735 ; buzzer:buzzer_inst|target_freq[7]  ; buzzer:buzzer_inst|target_freq[12] ; clk          ; clk         ; 1.000        ; -0.081     ; 4.655      ;
; -3.735 ; buzzer:buzzer_inst|target_freq[7]  ; buzzer:buzzer_inst|target_freq[9]  ; clk          ; clk         ; 1.000        ; -0.081     ; 4.655      ;
; -3.735 ; buzzer:buzzer_inst|target_freq[7]  ; buzzer:buzzer_inst|target_freq[8]  ; clk          ; clk         ; 1.000        ; -0.081     ; 4.655      ;
; -3.735 ; buzzer:buzzer_inst|target_freq[7]  ; buzzer:buzzer_inst|target_freq[7]  ; clk          ; clk         ; 1.000        ; -0.081     ; 4.655      ;
; -3.735 ; buzzer:buzzer_inst|target_freq[7]  ; buzzer:buzzer_inst|target_freq[6]  ; clk          ; clk         ; 1.000        ; -0.081     ; 4.655      ;
; -3.735 ; buzzer:buzzer_inst|target_freq[7]  ; buzzer:buzzer_inst|target_freq[5]  ; clk          ; clk         ; 1.000        ; -0.081     ; 4.655      ;
; -3.735 ; buzzer:buzzer_inst|target_freq[7]  ; buzzer:buzzer_inst|target_freq[4]  ; clk          ; clk         ; 1.000        ; -0.081     ; 4.655      ;
; -3.735 ; buzzer:buzzer_inst|target_freq[7]  ; buzzer:buzzer_inst|target_freq[3]  ; clk          ; clk         ; 1.000        ; -0.081     ; 4.655      ;
; -3.727 ; buzzer:buzzer_inst|target_freq[9]  ; buzzer:buzzer_inst|target_freq[13] ; clk          ; clk         ; 1.000        ; -0.081     ; 4.647      ;
; -3.726 ; buzzer:buzzer_inst|target_freq[9]  ; buzzer:buzzer_inst|target_freq[14] ; clk          ; clk         ; 1.000        ; -0.081     ; 4.646      ;
; -3.642 ; buzzer:buzzer_inst|target_freq[5]  ; buzzer:buzzer_inst|target_freq[15] ; clk          ; clk         ; 1.000        ; -0.081     ; 4.562      ;
; -3.624 ; buzzer:buzzer_inst|target_freq[10] ; buzzer:buzzer_inst|target_freq[15] ; clk          ; clk         ; 1.000        ; -0.081     ; 4.544      ;
; -3.615 ; buzzer:buzzer_inst|target_freq[11] ; buzzer:buzzer_inst|target_freq[13] ; clk          ; clk         ; 1.000        ; -0.081     ; 4.535      ;
; -3.614 ; buzzer:buzzer_inst|target_freq[11] ; buzzer:buzzer_inst|target_freq[14] ; clk          ; clk         ; 1.000        ; -0.081     ; 4.534      ;
; -3.612 ; buzzer:buzzer_inst|target_freq[8]  ; buzzer:buzzer_inst|target_freq[13] ; clk          ; clk         ; 1.000        ; -0.081     ; 4.532      ;
; -3.611 ; buzzer:buzzer_inst|target_freq[6]  ; buzzer:buzzer_inst|target_freq[13] ; clk          ; clk         ; 1.000        ; -0.081     ; 4.531      ;
; -3.611 ; buzzer:buzzer_inst|target_freq[8]  ; buzzer:buzzer_inst|target_freq[14] ; clk          ; clk         ; 1.000        ; -0.081     ; 4.531      ;
; -3.610 ; buzzer:buzzer_inst|target_freq[6]  ; buzzer:buzzer_inst|target_freq[14] ; clk          ; clk         ; 1.000        ; -0.081     ; 4.530      ;
; -3.610 ; buzzer:buzzer_inst|target_freq[9]  ; buzzer:buzzer_inst|target_freq[10] ; clk          ; clk         ; 1.000        ; -0.081     ; 4.530      ;
; -3.610 ; buzzer:buzzer_inst|target_freq[9]  ; buzzer:buzzer_inst|target_freq[11] ; clk          ; clk         ; 1.000        ; -0.081     ; 4.530      ;
; -3.610 ; buzzer:buzzer_inst|target_freq[9]  ; buzzer:buzzer_inst|target_freq[12] ; clk          ; clk         ; 1.000        ; -0.081     ; 4.530      ;
; -3.610 ; buzzer:buzzer_inst|target_freq[9]  ; buzzer:buzzer_inst|target_freq[9]  ; clk          ; clk         ; 1.000        ; -0.081     ; 4.530      ;
; -3.610 ; buzzer:buzzer_inst|target_freq[9]  ; buzzer:buzzer_inst|target_freq[8]  ; clk          ; clk         ; 1.000        ; -0.081     ; 4.530      ;
; -3.610 ; buzzer:buzzer_inst|target_freq[9]  ; buzzer:buzzer_inst|target_freq[7]  ; clk          ; clk         ; 1.000        ; -0.081     ; 4.530      ;
; -3.610 ; buzzer:buzzer_inst|target_freq[9]  ; buzzer:buzzer_inst|target_freq[6]  ; clk          ; clk         ; 1.000        ; -0.081     ; 4.530      ;
; -3.610 ; buzzer:buzzer_inst|target_freq[9]  ; buzzer:buzzer_inst|target_freq[5]  ; clk          ; clk         ; 1.000        ; -0.081     ; 4.530      ;
; -3.610 ; buzzer:buzzer_inst|target_freq[9]  ; buzzer:buzzer_inst|target_freq[4]  ; clk          ; clk         ; 1.000        ; -0.081     ; 4.530      ;
; -3.610 ; buzzer:buzzer_inst|target_freq[9]  ; buzzer:buzzer_inst|target_freq[3]  ; clk          ; clk         ; 1.000        ; -0.081     ; 4.530      ;
; -3.498 ; buzzer:buzzer_inst|target_freq[11] ; buzzer:buzzer_inst|target_freq[10] ; clk          ; clk         ; 1.000        ; -0.081     ; 4.418      ;
; -3.498 ; buzzer:buzzer_inst|target_freq[11] ; buzzer:buzzer_inst|target_freq[11] ; clk          ; clk         ; 1.000        ; -0.081     ; 4.418      ;
; -3.498 ; buzzer:buzzer_inst|target_freq[11] ; buzzer:buzzer_inst|target_freq[12] ; clk          ; clk         ; 1.000        ; -0.081     ; 4.418      ;
; -3.498 ; buzzer:buzzer_inst|target_freq[11] ; buzzer:buzzer_inst|target_freq[9]  ; clk          ; clk         ; 1.000        ; -0.081     ; 4.418      ;
; -3.498 ; buzzer:buzzer_inst|target_freq[11] ; buzzer:buzzer_inst|target_freq[8]  ; clk          ; clk         ; 1.000        ; -0.081     ; 4.418      ;
; -3.498 ; buzzer:buzzer_inst|target_freq[11] ; buzzer:buzzer_inst|target_freq[7]  ; clk          ; clk         ; 1.000        ; -0.081     ; 4.418      ;
; -3.498 ; buzzer:buzzer_inst|target_freq[11] ; buzzer:buzzer_inst|target_freq[6]  ; clk          ; clk         ; 1.000        ; -0.081     ; 4.418      ;
; -3.498 ; buzzer:buzzer_inst|target_freq[11] ; buzzer:buzzer_inst|target_freq[5]  ; clk          ; clk         ; 1.000        ; -0.081     ; 4.418      ;
; -3.498 ; buzzer:buzzer_inst|target_freq[11] ; buzzer:buzzer_inst|target_freq[4]  ; clk          ; clk         ; 1.000        ; -0.081     ; 4.418      ;
; -3.498 ; buzzer:buzzer_inst|target_freq[11] ; buzzer:buzzer_inst|target_freq[3]  ; clk          ; clk         ; 1.000        ; -0.081     ; 4.418      ;
; -3.496 ; buzzer:buzzer_inst|target_freq[5]  ; buzzer:buzzer_inst|target_freq[13] ; clk          ; clk         ; 1.000        ; -0.081     ; 4.416      ;
; -3.495 ; buzzer:buzzer_inst|target_freq[5]  ; buzzer:buzzer_inst|target_freq[14] ; clk          ; clk         ; 1.000        ; -0.081     ; 4.415      ;
; -3.495 ; buzzer:buzzer_inst|target_freq[8]  ; buzzer:buzzer_inst|target_freq[10] ; clk          ; clk         ; 1.000        ; -0.081     ; 4.415      ;
; -3.495 ; buzzer:buzzer_inst|target_freq[8]  ; buzzer:buzzer_inst|target_freq[11] ; clk          ; clk         ; 1.000        ; -0.081     ; 4.415      ;
; -3.495 ; buzzer:buzzer_inst|target_freq[8]  ; buzzer:buzzer_inst|target_freq[12] ; clk          ; clk         ; 1.000        ; -0.081     ; 4.415      ;
; -3.495 ; buzzer:buzzer_inst|target_freq[8]  ; buzzer:buzzer_inst|target_freq[9]  ; clk          ; clk         ; 1.000        ; -0.081     ; 4.415      ;
; -3.495 ; buzzer:buzzer_inst|target_freq[8]  ; buzzer:buzzer_inst|target_freq[8]  ; clk          ; clk         ; 1.000        ; -0.081     ; 4.415      ;
; -3.495 ; buzzer:buzzer_inst|target_freq[8]  ; buzzer:buzzer_inst|target_freq[7]  ; clk          ; clk         ; 1.000        ; -0.081     ; 4.415      ;
; -3.495 ; buzzer:buzzer_inst|target_freq[8]  ; buzzer:buzzer_inst|target_freq[6]  ; clk          ; clk         ; 1.000        ; -0.081     ; 4.415      ;
; -3.495 ; buzzer:buzzer_inst|target_freq[8]  ; buzzer:buzzer_inst|target_freq[5]  ; clk          ; clk         ; 1.000        ; -0.081     ; 4.415      ;
; -3.495 ; buzzer:buzzer_inst|target_freq[8]  ; buzzer:buzzer_inst|target_freq[4]  ; clk          ; clk         ; 1.000        ; -0.081     ; 4.415      ;
; -3.495 ; buzzer:buzzer_inst|target_freq[8]  ; buzzer:buzzer_inst|target_freq[3]  ; clk          ; clk         ; 1.000        ; -0.081     ; 4.415      ;
; -3.494 ; buzzer:buzzer_inst|target_freq[6]  ; buzzer:buzzer_inst|target_freq[10] ; clk          ; clk         ; 1.000        ; -0.081     ; 4.414      ;
; -3.494 ; buzzer:buzzer_inst|target_freq[6]  ; buzzer:buzzer_inst|target_freq[11] ; clk          ; clk         ; 1.000        ; -0.081     ; 4.414      ;
; -3.494 ; buzzer:buzzer_inst|target_freq[6]  ; buzzer:buzzer_inst|target_freq[12] ; clk          ; clk         ; 1.000        ; -0.081     ; 4.414      ;
; -3.494 ; buzzer:buzzer_inst|target_freq[6]  ; buzzer:buzzer_inst|target_freq[9]  ; clk          ; clk         ; 1.000        ; -0.081     ; 4.414      ;
; -3.494 ; buzzer:buzzer_inst|target_freq[6]  ; buzzer:buzzer_inst|target_freq[8]  ; clk          ; clk         ; 1.000        ; -0.081     ; 4.414      ;
; -3.494 ; buzzer:buzzer_inst|target_freq[6]  ; buzzer:buzzer_inst|target_freq[7]  ; clk          ; clk         ; 1.000        ; -0.081     ; 4.414      ;
; -3.494 ; buzzer:buzzer_inst|target_freq[6]  ; buzzer:buzzer_inst|target_freq[6]  ; clk          ; clk         ; 1.000        ; -0.081     ; 4.414      ;
; -3.494 ; buzzer:buzzer_inst|target_freq[6]  ; buzzer:buzzer_inst|target_freq[5]  ; clk          ; clk         ; 1.000        ; -0.081     ; 4.414      ;
; -3.494 ; buzzer:buzzer_inst|target_freq[6]  ; buzzer:buzzer_inst|target_freq[4]  ; clk          ; clk         ; 1.000        ; -0.081     ; 4.414      ;
; -3.494 ; buzzer:buzzer_inst|target_freq[6]  ; buzzer:buzzer_inst|target_freq[3]  ; clk          ; clk         ; 1.000        ; -0.081     ; 4.414      ;
; -3.478 ; buzzer:buzzer_inst|target_freq[10] ; buzzer:buzzer_inst|target_freq[13] ; clk          ; clk         ; 1.000        ; -0.081     ; 4.398      ;
; -3.477 ; buzzer:buzzer_inst|target_freq[10] ; buzzer:buzzer_inst|target_freq[14] ; clk          ; clk         ; 1.000        ; -0.081     ; 4.397      ;
; -3.379 ; buzzer:buzzer_inst|target_freq[5]  ; buzzer:buzzer_inst|target_freq[10] ; clk          ; clk         ; 1.000        ; -0.081     ; 4.299      ;
; -3.379 ; buzzer:buzzer_inst|target_freq[5]  ; buzzer:buzzer_inst|target_freq[11] ; clk          ; clk         ; 1.000        ; -0.081     ; 4.299      ;
; -3.379 ; buzzer:buzzer_inst|target_freq[5]  ; buzzer:buzzer_inst|target_freq[12] ; clk          ; clk         ; 1.000        ; -0.081     ; 4.299      ;
; -3.379 ; buzzer:buzzer_inst|target_freq[5]  ; buzzer:buzzer_inst|target_freq[9]  ; clk          ; clk         ; 1.000        ; -0.081     ; 4.299      ;
; -3.379 ; buzzer:buzzer_inst|target_freq[5]  ; buzzer:buzzer_inst|target_freq[8]  ; clk          ; clk         ; 1.000        ; -0.081     ; 4.299      ;
; -3.379 ; buzzer:buzzer_inst|target_freq[5]  ; buzzer:buzzer_inst|target_freq[7]  ; clk          ; clk         ; 1.000        ; -0.081     ; 4.299      ;
; -3.379 ; buzzer:buzzer_inst|target_freq[5]  ; buzzer:buzzer_inst|target_freq[6]  ; clk          ; clk         ; 1.000        ; -0.081     ; 4.299      ;
; -3.379 ; buzzer:buzzer_inst|target_freq[5]  ; buzzer:buzzer_inst|target_freq[5]  ; clk          ; clk         ; 1.000        ; -0.081     ; 4.299      ;
; -3.379 ; buzzer:buzzer_inst|target_freq[5]  ; buzzer:buzzer_inst|target_freq[4]  ; clk          ; clk         ; 1.000        ; -0.081     ; 4.299      ;
; -3.379 ; buzzer:buzzer_inst|target_freq[5]  ; buzzer:buzzer_inst|target_freq[3]  ; clk          ; clk         ; 1.000        ; -0.081     ; 4.299      ;
; -3.361 ; buzzer:buzzer_inst|target_freq[10] ; buzzer:buzzer_inst|target_freq[10] ; clk          ; clk         ; 1.000        ; -0.081     ; 4.281      ;
; -3.361 ; buzzer:buzzer_inst|target_freq[10] ; buzzer:buzzer_inst|target_freq[11] ; clk          ; clk         ; 1.000        ; -0.081     ; 4.281      ;
; -3.361 ; buzzer:buzzer_inst|target_freq[10] ; buzzer:buzzer_inst|target_freq[12] ; clk          ; clk         ; 1.000        ; -0.081     ; 4.281      ;
; -3.361 ; buzzer:buzzer_inst|target_freq[10] ; buzzer:buzzer_inst|target_freq[9]  ; clk          ; clk         ; 1.000        ; -0.081     ; 4.281      ;
; -3.361 ; buzzer:buzzer_inst|target_freq[10] ; buzzer:buzzer_inst|target_freq[8]  ; clk          ; clk         ; 1.000        ; -0.081     ; 4.281      ;
; -3.361 ; buzzer:buzzer_inst|target_freq[10] ; buzzer:buzzer_inst|target_freq[7]  ; clk          ; clk         ; 1.000        ; -0.081     ; 4.281      ;
; -3.361 ; buzzer:buzzer_inst|target_freq[10] ; buzzer:buzzer_inst|target_freq[6]  ; clk          ; clk         ; 1.000        ; -0.081     ; 4.281      ;
; -3.361 ; buzzer:buzzer_inst|target_freq[10] ; buzzer:buzzer_inst|target_freq[5]  ; clk          ; clk         ; 1.000        ; -0.081     ; 4.281      ;
; -3.361 ; buzzer:buzzer_inst|target_freq[10] ; buzzer:buzzer_inst|target_freq[4]  ; clk          ; clk         ; 1.000        ; -0.081     ; 4.281      ;
; -3.361 ; buzzer:buzzer_inst|target_freq[10] ; buzzer:buzzer_inst|target_freq[3]  ; clk          ; clk         ; 1.000        ; -0.081     ; 4.281      ;
; -3.263 ; buzzer:buzzer_inst|counter[4]      ; buzzer:buzzer_inst|counter[3]      ; clk          ; clk         ; 1.000        ; -0.081     ; 4.183      ;
; -3.263 ; buzzer:buzzer_inst|counter[4]      ; buzzer:buzzer_inst|counter[4]      ; clk          ; clk         ; 1.000        ; -0.081     ; 4.183      ;
; -3.263 ; buzzer:buzzer_inst|counter[4]      ; buzzer:buzzer_inst|counter[5]      ; clk          ; clk         ; 1.000        ; -0.081     ; 4.183      ;
; -3.263 ; buzzer:buzzer_inst|counter[4]      ; buzzer:buzzer_inst|counter[6]      ; clk          ; clk         ; 1.000        ; -0.081     ; 4.183      ;
; -3.263 ; buzzer:buzzer_inst|counter[4]      ; buzzer:buzzer_inst|counter[7]      ; clk          ; clk         ; 1.000        ; -0.081     ; 4.183      ;
; -3.263 ; buzzer:buzzer_inst|counter[4]      ; buzzer:buzzer_inst|counter[8]      ; clk          ; clk         ; 1.000        ; -0.081     ; 4.183      ;
; -3.263 ; buzzer:buzzer_inst|counter[4]      ; buzzer:buzzer_inst|counter[9]      ; clk          ; clk         ; 1.000        ; -0.081     ; 4.183      ;
; -3.263 ; buzzer:buzzer_inst|counter[4]      ; buzzer:buzzer_inst|counter[10]     ; clk          ; clk         ; 1.000        ; -0.081     ; 4.183      ;
; -3.263 ; buzzer:buzzer_inst|counter[4]      ; buzzer:buzzer_inst|counter[11]     ; clk          ; clk         ; 1.000        ; -0.081     ; 4.183      ;
+--------+------------------------------------+------------------------------------+--------------+-------------+--------------+------------+------------+


+-----------------------------------------------------------------------------------------------------------------------------------------------------------------------------------------------------------+
; Slow 1200mV 85C Model Hold: 'clk'                                                                                                                                                                         ;
+-------+----------------------------------------------------------+------------------------------------------------------------------+--------------+-------------+--------------+------------+------------+
; Slack ; From Node                                                ; To Node                                                          ; Launch Clock ; Latch Clock ; Relationship ; Clock Skew ; Data Delay ;
+-------+----------------------------------------------------------+------------------------------------------------------------------+--------------+-------------+--------------+------------+------------+
; 0.452 ; buzzer:buzzer_inst|antidrebezg:debounce_up|button_out    ; buzzer:buzzer_inst|antidrebezg:debounce_up|button_out            ; clk          ; clk         ; 0.000        ; 0.082      ; 0.746      ;
; 0.453 ; buzzer:buzzer_inst|pwm_out                               ; buzzer:buzzer_inst|pwm_out                                       ; clk          ; clk         ; 0.000        ; 0.081      ; 0.746      ;
; 0.453 ; buzzer:buzzer_inst|antidrebezg:debounce_down|button_out  ; buzzer:buzzer_inst|antidrebezg:debounce_down|button_out          ; clk          ; clk         ; 0.000        ; 0.081      ; 0.746      ;
; 0.491 ; buzzer:buzzer_inst|antidrebezg:debounce_up|counter[14]   ; buzzer:buzzer_inst|antidrebezg:debounce_up|counter[14]           ; clk          ; clk         ; 0.000        ; 0.081      ; 0.784      ;
; 0.492 ; buzzer:buzzer_inst|antidrebezg:debounce_down|counter[14] ; buzzer:buzzer_inst|antidrebezg:debounce_down|counter[14]         ; clk          ; clk         ; 0.000        ; 0.080      ; 0.784      ;
; 0.623 ; buzzer:buzzer_inst|counter[11]                           ; buzzer:buzzer_inst|counter[12]                                   ; clk          ; clk         ; 0.000        ; 0.575      ; 1.410      ;
; 0.642 ; buzzer:buzzer_inst|counter[10]                           ; buzzer:buzzer_inst|counter[12]                                   ; clk          ; clk         ; 0.000        ; 0.575      ; 1.429      ;
; 0.715 ; buzzer:buzzer_inst|antidrebezg:debounce_down|button_sync ; buzzer:buzzer_inst|antidrebezg:debounce_down|button_sync_delayed ; clk          ; clk         ; 0.000        ; 0.081      ; 1.008      ;
; 0.718 ; buzzer:buzzer_inst|counter[1]                            ; buzzer:buzzer_inst|counter[1]                                    ; clk          ; clk         ; 0.000        ; 0.100      ; 1.030      ;
; 0.720 ; buzzer:buzzer_inst|counter[2]                            ; buzzer:buzzer_inst|counter[2]                                    ; clk          ; clk         ; 0.000        ; 0.100      ; 1.032      ;
; 0.737 ; buzzer:buzzer_inst|antidrebezg:debounce_up|counter[2]    ; buzzer:buzzer_inst|antidrebezg:debounce_up|counter[2]            ; clk          ; clk         ; 0.000        ; 0.081      ; 1.030      ;
; 0.737 ; buzzer:buzzer_inst|antidrebezg:debounce_up|counter[6]    ; buzzer:buzzer_inst|antidrebezg:debounce_up|counter[6]            ; clk          ; clk         ; 0.000        ; 0.081      ; 1.030      ;
; 0.738 ; buzzer:buzzer_inst|antidrebezg:debounce_down|counter[2]  ; buzzer:buzzer_inst|antidrebezg:debounce_down|counter[2]          ; clk          ; clk         ; 0.000        ; 0.080      ; 1.030      ;
; 0.738 ; buzzer:buzzer_inst|antidrebezg:debounce_down|counter[6]  ; buzzer:buzzer_inst|antidrebezg:debounce_down|counter[6]          ; clk          ; clk         ; 0.000        ; 0.080      ; 1.030      ;
; 0.738 ; buzzer:buzzer_inst|antidrebezg:debounce_up|counter[3]    ; buzzer:buzzer_inst|antidrebezg:debounce_up|counter[3]            ; clk          ; clk         ; 0.000        ; 0.081      ; 1.031      ;
; 0.738 ; buzzer:buzzer_inst|antidrebezg:debounce_up|counter[4]    ; buzzer:buzzer_inst|antidrebezg:debounce_up|counter[4]            ; clk          ; clk         ; 0.000        ; 0.081      ; 1.031      ;
; 0.739 ; buzzer:buzzer_inst|antidrebezg:debounce_down|counter[3]  ; buzzer:buzzer_inst|antidrebezg:debounce_down|counter[3]          ; clk          ; clk         ; 0.000        ; 0.080      ; 1.031      ;
; 0.739 ; buzzer:buzzer_inst|antidrebezg:debounce_down|counter[4]  ; buzzer:buzzer_inst|antidrebezg:debounce_down|counter[4]          ; clk          ; clk         ; 0.000        ; 0.080      ; 1.031      ;
; 0.739 ; buzzer:buzzer_inst|antidrebezg:debounce_up|counter[1]    ; buzzer:buzzer_inst|antidrebezg:debounce_up|counter[1]            ; clk          ; clk         ; 0.000        ; 0.081      ; 1.032      ;
; 0.739 ; buzzer:buzzer_inst|antidrebezg:debounce_up|counter[5]    ; buzzer:buzzer_inst|antidrebezg:debounce_up|counter[5]            ; clk          ; clk         ; 0.000        ; 0.081      ; 1.032      ;
; 0.740 ; buzzer:buzzer_inst|antidrebezg:debounce_down|counter[1]  ; buzzer:buzzer_inst|antidrebezg:debounce_down|counter[1]          ; clk          ; clk         ; 0.000        ; 0.080      ; 1.032      ;
; 0.740 ; buzzer:buzzer_inst|antidrebezg:debounce_down|counter[5]  ; buzzer:buzzer_inst|antidrebezg:debounce_down|counter[5]          ; clk          ; clk         ; 0.000        ; 0.080      ; 1.032      ;
; 0.741 ; buzzer:buzzer_inst|antidrebezg:debounce_up|counter[7]    ; buzzer:buzzer_inst|antidrebezg:debounce_up|counter[7]            ; clk          ; clk         ; 0.000        ; 0.081      ; 1.034      ;
; 0.742 ; buzzer:buzzer_inst|counter[0]                            ; buzzer:buzzer_inst|counter[0]                                    ; clk          ; clk         ; 0.000        ; 0.100      ; 1.054      ;
; 0.742 ; buzzer:buzzer_inst|antidrebezg:debounce_down|counter[7]  ; buzzer:buzzer_inst|antidrebezg:debounce_down|counter[7]          ; clk          ; clk         ; 0.000        ; 0.080      ; 1.034      ;
; 0.743 ; buzzer:buzzer_inst|counter[13]                           ; buzzer:buzzer_inst|counter[13]                                   ; clk          ; clk         ; 0.000        ; 0.100      ; 1.055      ;
; 0.744 ; buzzer:buzzer_inst|counter[15]                           ; buzzer:buzzer_inst|counter[15]                                   ; clk          ; clk         ; 0.000        ; 0.100      ; 1.056      ;
; 0.746 ; buzzer:buzzer_inst|counter[14]                           ; buzzer:buzzer_inst|counter[14]                                   ; clk          ; clk         ; 0.000        ; 0.100      ; 1.058      ;
; 0.747 ; buzzer:buzzer_inst|antidrebezg:debounce_up|counter[12]   ; buzzer:buzzer_inst|antidrebezg:debounce_up|counter[12]           ; clk          ; clk         ; 0.000        ; 0.081      ; 1.040      ;
; 0.747 ; buzzer:buzzer_inst|antidrebezg:debounce_up|counter[13]   ; buzzer:buzzer_inst|antidrebezg:debounce_up|counter[13]           ; clk          ; clk         ; 0.000        ; 0.081      ; 1.040      ;
; 0.747 ; buzzer:buzzer_inst|counter[12]                           ; buzzer:buzzer_inst|counter[12]                                   ; clk          ; clk         ; 0.000        ; 0.100      ; 1.059      ;
; 0.748 ; buzzer:buzzer_inst|antidrebezg:debounce_down|counter[12] ; buzzer:buzzer_inst|antidrebezg:debounce_down|counter[12]         ; clk          ; clk         ; 0.000        ; 0.080      ; 1.040      ;
; 0.748 ; buzzer:buzzer_inst|antidrebezg:debounce_down|counter[13] ; buzzer:buzzer_inst|antidrebezg:debounce_down|counter[13]         ; clk          ; clk         ; 0.000        ; 0.080      ; 1.040      ;
; 0.754 ; buzzer:buzzer_inst|counter[11]                           ; buzzer:buzzer_inst|counter[13]                                   ; clk          ; clk         ; 0.000        ; 0.575      ; 1.541      ;
; 0.761 ; buzzer:buzzer_inst|counter[3]                            ; buzzer:buzzer_inst|counter[3]                                    ; clk          ; clk         ; 0.000        ; 0.081      ; 1.054      ;
; 0.761 ; buzzer:buzzer_inst|antidrebezg:debounce_up|counter[0]    ; buzzer:buzzer_inst|antidrebezg:debounce_up|counter[0]            ; clk          ; clk         ; 0.000        ; 0.081      ; 1.054      ;
; 0.762 ; buzzer:buzzer_inst|counter[5]                            ; buzzer:buzzer_inst|counter[5]                                    ; clk          ; clk         ; 0.000        ; 0.081      ; 1.055      ;
; 0.762 ; buzzer:buzzer_inst|counter[11]                           ; buzzer:buzzer_inst|counter[11]                                   ; clk          ; clk         ; 0.000        ; 0.081      ; 1.055      ;
; 0.762 ; buzzer:buzzer_inst|antidrebezg:debounce_down|counter[0]  ; buzzer:buzzer_inst|antidrebezg:debounce_down|counter[0]          ; clk          ; clk         ; 0.000        ; 0.080      ; 1.054      ;
; 0.763 ; buzzer:buzzer_inst|counter[11]                           ; buzzer:buzzer_inst|counter[14]                                   ; clk          ; clk         ; 0.000        ; 0.575      ; 1.550      ;
; 0.764 ; buzzer:buzzer_inst|counter[6]                            ; buzzer:buzzer_inst|counter[6]                                    ; clk          ; clk         ; 0.000        ; 0.081      ; 1.057      ;
; 0.764 ; buzzer:buzzer_inst|counter[7]                            ; buzzer:buzzer_inst|counter[7]                                    ; clk          ; clk         ; 0.000        ; 0.081      ; 1.057      ;
; 0.764 ; buzzer:buzzer_inst|counter[9]                            ; buzzer:buzzer_inst|counter[9]                                    ; clk          ; clk         ; 0.000        ; 0.081      ; 1.057      ;
; 0.764 ; buzzer:buzzer_inst|antidrebezg:debounce_up|counter[8]    ; buzzer:buzzer_inst|antidrebezg:debounce_up|counter[8]            ; clk          ; clk         ; 0.000        ; 0.081      ; 1.057      ;
; 0.764 ; buzzer:buzzer_inst|antidrebezg:debounce_up|counter[10]   ; buzzer:buzzer_inst|antidrebezg:debounce_up|counter[10]           ; clk          ; clk         ; 0.000        ; 0.081      ; 1.057      ;
; 0.764 ; buzzer:buzzer_inst|antidrebezg:debounce_up|counter[11]   ; buzzer:buzzer_inst|antidrebezg:debounce_up|counter[11]           ; clk          ; clk         ; 0.000        ; 0.081      ; 1.057      ;
; 0.764 ; buzzer:buzzer_inst|counter[9]                            ; buzzer:buzzer_inst|counter[12]                                   ; clk          ; clk         ; 0.000        ; 0.575      ; 1.551      ;
; 0.765 ; buzzer:buzzer_inst|counter[4]                            ; buzzer:buzzer_inst|counter[4]                                    ; clk          ; clk         ; 0.000        ; 0.081      ; 1.058      ;
; 0.765 ; buzzer:buzzer_inst|antidrebezg:debounce_down|counter[8]  ; buzzer:buzzer_inst|antidrebezg:debounce_down|counter[8]          ; clk          ; clk         ; 0.000        ; 0.080      ; 1.057      ;
; 0.765 ; buzzer:buzzer_inst|antidrebezg:debounce_down|counter[10] ; buzzer:buzzer_inst|antidrebezg:debounce_down|counter[10]         ; clk          ; clk         ; 0.000        ; 0.080      ; 1.057      ;
; 0.765 ; buzzer:buzzer_inst|antidrebezg:debounce_down|counter[11] ; buzzer:buzzer_inst|antidrebezg:debounce_down|counter[11]         ; clk          ; clk         ; 0.000        ; 0.080      ; 1.057      ;
; 0.766 ; buzzer:buzzer_inst|counter[8]                            ; buzzer:buzzer_inst|counter[8]                                    ; clk          ; clk         ; 0.000        ; 0.081      ; 1.059      ;
; 0.766 ; buzzer:buzzer_inst|counter[10]                           ; buzzer:buzzer_inst|counter[10]                                   ; clk          ; clk         ; 0.000        ; 0.081      ; 1.059      ;
; 0.766 ; buzzer:buzzer_inst|antidrebezg:debounce_up|counter[9]    ; buzzer:buzzer_inst|antidrebezg:debounce_up|counter[9]            ; clk          ; clk         ; 0.000        ; 0.081      ; 1.059      ;
; 0.767 ; buzzer:buzzer_inst|btn_down_delayed                      ; buzzer:buzzer_inst|btn_down_pulse                                ; clk          ; clk         ; 0.000        ; 0.081      ; 1.060      ;
; 0.767 ; buzzer:buzzer_inst|antidrebezg:debounce_down|counter[9]  ; buzzer:buzzer_inst|antidrebezg:debounce_down|counter[9]          ; clk          ; clk         ; 0.000        ; 0.080      ; 1.059      ;
; 0.769 ; buzzer:buzzer_inst|target_freq[12]                       ; buzzer:buzzer_inst|target_freq[12]                               ; clk          ; clk         ; 0.000        ; 0.081      ; 1.062      ;
; 0.773 ; buzzer:buzzer_inst|counter[10]                           ; buzzer:buzzer_inst|counter[13]                                   ; clk          ; clk         ; 0.000        ; 0.575      ; 1.560      ;
; 0.782 ; buzzer:buzzer_inst|counter[10]                           ; buzzer:buzzer_inst|counter[14]                                   ; clk          ; clk         ; 0.000        ; 0.575      ; 1.569      ;
; 0.782 ; buzzer:buzzer_inst|counter[8]                            ; buzzer:buzzer_inst|counter[12]                                   ; clk          ; clk         ; 0.000        ; 0.575      ; 1.569      ;
; 0.787 ; buzzer:buzzer_inst|target_freq[5]                        ; buzzer:buzzer_inst|target_freq[5]                                ; clk          ; clk         ; 0.000        ; 0.081      ; 1.080      ;
; 0.787 ; buzzer:buzzer_inst|target_freq[3]                        ; buzzer:buzzer_inst|target_freq[3]                                ; clk          ; clk         ; 0.000        ; 0.081      ; 1.080      ;
; 0.788 ; buzzer:buzzer_inst|target_freq[9]                        ; buzzer:buzzer_inst|target_freq[9]                                ; clk          ; clk         ; 0.000        ; 0.081      ; 1.081      ;
; 0.789 ; buzzer:buzzer_inst|target_freq[8]                        ; buzzer:buzzer_inst|target_freq[8]                                ; clk          ; clk         ; 0.000        ; 0.081      ; 1.082      ;
; 0.790 ; buzzer:buzzer_inst|target_freq[11]                       ; buzzer:buzzer_inst|target_freq[11]                               ; clk          ; clk         ; 0.000        ; 0.081      ; 1.083      ;
; 0.793 ; buzzer:buzzer_inst|antidrebezg:debounce_up|button_sync   ; buzzer:buzzer_inst|antidrebezg:debounce_up|button_out            ; clk          ; clk         ; 0.000        ; 0.082      ; 1.087      ;
; 0.794 ; buzzer:buzzer_inst|target_freq[14]                       ; buzzer:buzzer_inst|target_freq[14]                               ; clk          ; clk         ; 0.000        ; 0.081      ; 1.087      ;
; 0.796 ; buzzer:buzzer_inst|target_freq[13]                       ; buzzer:buzzer_inst|target_freq[13]                               ; clk          ; clk         ; 0.000        ; 0.081      ; 1.089      ;
; 0.798 ; buzzer:buzzer_inst|target_freq[15]                       ; buzzer:buzzer_inst|target_freq[15]                               ; clk          ; clk         ; 0.000        ; 0.081      ; 1.091      ;
; 0.802 ; buzzer:buzzer_inst|antidrebezg:debounce_down|button_sync ; buzzer:buzzer_inst|antidrebezg:debounce_down|button_out          ; clk          ; clk         ; 0.000        ; 0.081      ; 1.095      ;
; 0.894 ; buzzer:buzzer_inst|counter[11]                           ; buzzer:buzzer_inst|counter[15]                                   ; clk          ; clk         ; 0.000        ; 0.575      ; 1.681      ;
; 0.895 ; buzzer:buzzer_inst|counter[9]                            ; buzzer:buzzer_inst|counter[13]                                   ; clk          ; clk         ; 0.000        ; 0.575      ; 1.682      ;
; 0.904 ; buzzer:buzzer_inst|counter[9]                            ; buzzer:buzzer_inst|counter[14]                                   ; clk          ; clk         ; 0.000        ; 0.575      ; 1.691      ;
; 0.904 ; buzzer:buzzer_inst|counter[7]                            ; buzzer:buzzer_inst|counter[12]                                   ; clk          ; clk         ; 0.000        ; 0.575      ; 1.691      ;
; 0.913 ; buzzer:buzzer_inst|counter[10]                           ; buzzer:buzzer_inst|counter[15]                                   ; clk          ; clk         ; 0.000        ; 0.575      ; 1.700      ;
; 0.913 ; buzzer:buzzer_inst|counter[8]                            ; buzzer:buzzer_inst|counter[13]                                   ; clk          ; clk         ; 0.000        ; 0.575      ; 1.700      ;
; 0.920 ; buzzer:buzzer_inst|counter[6]                            ; buzzer:buzzer_inst|counter[12]                                   ; clk          ; clk         ; 0.000        ; 0.575      ; 1.707      ;
; 0.922 ; buzzer:buzzer_inst|counter[8]                            ; buzzer:buzzer_inst|counter[14]                                   ; clk          ; clk         ; 0.000        ; 0.575      ; 1.709      ;
; 0.928 ; buzzer:buzzer_inst|antidrebezg:debounce_up|button_out    ; buzzer:buzzer_inst|btn_up_delayed                                ; clk          ; clk         ; 0.000        ; 0.082      ; 1.222      ;
; 0.928 ; buzzer:buzzer_inst|antidrebezg:debounce_up|button_sync   ; buzzer:buzzer_inst|antidrebezg:debounce_up|button_sync_delayed   ; clk          ; clk         ; 0.000        ; 0.082      ; 1.222      ;
; 0.978 ; buzzer:buzzer_inst|target_freq[4]                        ; buzzer:buzzer_inst|target_freq[4]                                ; clk          ; clk         ; 0.000        ; 0.081      ; 1.271      ;
; 0.980 ; buzzer:buzzer_inst|target_freq[6]                        ; buzzer:buzzer_inst|target_freq[6]                                ; clk          ; clk         ; 0.000        ; 0.081      ; 1.273      ;
; 1.035 ; buzzer:buzzer_inst|counter[9]                            ; buzzer:buzzer_inst|counter[15]                                   ; clk          ; clk         ; 0.000        ; 0.575      ; 1.822      ;
; 1.035 ; buzzer:buzzer_inst|counter[7]                            ; buzzer:buzzer_inst|counter[13]                                   ; clk          ; clk         ; 0.000        ; 0.575      ; 1.822      ;
; 1.043 ; buzzer:buzzer_inst|counter[5]                            ; buzzer:buzzer_inst|counter[12]                                   ; clk          ; clk         ; 0.000        ; 0.575      ; 1.830      ;
; 1.044 ; buzzer:buzzer_inst|counter[7]                            ; buzzer:buzzer_inst|counter[14]                                   ; clk          ; clk         ; 0.000        ; 0.575      ; 1.831      ;
; 1.047 ; buzzer:buzzer_inst|target_freq[10]                       ; buzzer:buzzer_inst|target_freq[10]                               ; clk          ; clk         ; 0.000        ; 0.081      ; 1.340      ;
; 1.048 ; buzzer:buzzer_inst|target_freq[7]                        ; buzzer:buzzer_inst|target_freq[7]                                ; clk          ; clk         ; 0.000        ; 0.081      ; 1.341      ;
; 1.051 ; buzzer:buzzer_inst|counter[6]                            ; buzzer:buzzer_inst|counter[13]                                   ; clk          ; clk         ; 0.000        ; 0.575      ; 1.838      ;
; 1.053 ; buzzer:buzzer_inst|counter[8]                            ; buzzer:buzzer_inst|counter[15]                                   ; clk          ; clk         ; 0.000        ; 0.575      ; 1.840      ;
; 1.060 ; buzzer:buzzer_inst|counter[6]                            ; buzzer:buzzer_inst|counter[14]                                   ; clk          ; clk         ; 0.000        ; 0.575      ; 1.847      ;
; 1.061 ; buzzer:buzzer_inst|antidrebezg:debounce_down|button_out  ; buzzer:buzzer_inst|btn_down_pulse                                ; clk          ; clk         ; 0.000        ; 0.095      ; 1.368      ;
; 1.061 ; buzzer:buzzer_inst|counter[4]                            ; buzzer:buzzer_inst|counter[12]                                   ; clk          ; clk         ; 0.000        ; 0.575      ; 1.848      ;
; 1.063 ; buzzer:buzzer_inst|antidrebezg:debounce_down|button_out  ; buzzer:buzzer_inst|btn_down_delayed                              ; clk          ; clk         ; 0.000        ; 0.095      ; 1.370      ;
; 1.072 ; buzzer:buzzer_inst|counter[1]                            ; buzzer:buzzer_inst|counter[2]                                    ; clk          ; clk         ; 0.000        ; 0.100      ; 1.384      ;
; 1.080 ; buzzer:buzzer_inst|counter[0]                            ; buzzer:buzzer_inst|counter[1]                                    ; clk          ; clk         ; 0.000        ; 0.100      ; 1.392      ;
; 1.089 ; buzzer:buzzer_inst|counter[0]                            ; buzzer:buzzer_inst|counter[2]                                    ; clk          ; clk         ; 0.000        ; 0.100      ; 1.401      ;
; 1.091 ; buzzer:buzzer_inst|antidrebezg:debounce_up|counter[1]    ; buzzer:buzzer_inst|antidrebezg:debounce_up|counter[2]            ; clk          ; clk         ; 0.000        ; 0.081      ; 1.384      ;
; 1.091 ; buzzer:buzzer_inst|antidrebezg:debounce_up|counter[3]    ; buzzer:buzzer_inst|antidrebezg:debounce_up|counter[4]            ; clk          ; clk         ; 0.000        ; 0.081      ; 1.384      ;
; 1.092 ; buzzer:buzzer_inst|antidrebezg:debounce_up|counter[5]    ; buzzer:buzzer_inst|antidrebezg:debounce_up|counter[6]            ; clk          ; clk         ; 0.000        ; 0.081      ; 1.385      ;
+-------+----------------------------------------------------------+------------------------------------------------------------------+--------------+-------------+--------------+------------+------------+


-----------------------------------------------
; Slow 1200mV 85C Model Metastability Summary ;
-----------------------------------------------
No synchronizer chains to report.


+--------------------------------------------------+
; Slow 1200mV 0C Model Fmax Summary                ;
+------------+-----------------+------------+------+
; Fmax       ; Restricted Fmax ; Clock Name ; Note ;
+------------+-----------------+------------+------+
; 215.42 MHz ; 215.42 MHz      ; clk        ;      ;
+------------+-----------------+------------+------+
This panel reports FMAX for every clock in the design, regardless of the user-specified clock periods.  FMAX is only computed for paths where the source and destination registers or ports are driven by the same clock.  Paths of different clocks, including generated clocks, are ignored.  For paths between a clock and its inversion, FMAX is computed as if the rising and falling edges are scaled along with FMAX, such that the duty cycle (in terms of a percentage) is maintained. Altera recommends that you always use clock constraints and other slack reports for sign-off analysis.


+------------------------------------+
; Slow 1200mV 0C Model Setup Summary ;
+-------+--------+-------------------+
; Clock ; Slack  ; End Point TNS     ;
+-------+--------+-------------------+
; clk   ; -3.642 ; -165.800          ;
+-------+--------+-------------------+


+-----------------------------------+
; Slow 1200mV 0C Model Hold Summary ;
+-------+-------+-------------------+
; Clock ; Slack ; End Point TNS     ;
+-------+-------+-------------------+
; clk   ; 0.401 ; 0.000             ;
+-------+-------+-------------------+


-----------------------------------------
; Slow 1200mV 0C Model Recovery Summary ;
-----------------------------------------
No paths to report.


----------------------------------------
; Slow 1200mV 0C Model Removal Summary ;
----------------------------------------
No paths to report.


+--------------------------------------------------+
; Slow 1200mV 0C Model Minimum Pulse Width Summary ;
+-------+--------+---------------------------------+
; Clock ; Slack  ; End Point TNS                   ;
+-------+--------+---------------------------------+
; clk   ; -3.000 ; -107.090                        ;
+-------+--------+---------------------------------+


+--------------------------------------------------------------------------------------------------------------------------------------------------------+
; Slow 1200mV 0C Model Setup: 'clk'                                                                                                                      ;
+--------+------------------------------------+------------------------------------+--------------+-------------+--------------+------------+------------+
; Slack  ; From Node                          ; To Node                            ; Launch Clock ; Latch Clock ; Relationship ; Clock Skew ; Data Delay ;
+--------+------------------------------------+------------------------------------+--------------+-------------+--------------+------------+------------+
; -3.642 ; buzzer:buzzer_inst|target_freq[7]  ; buzzer:buzzer_inst|target_freq[15] ; clk          ; clk         ; 1.000        ; -0.073     ; 4.571      ;
; -3.516 ; buzzer:buzzer_inst|target_freq[7]  ; buzzer:buzzer_inst|target_freq[13] ; clk          ; clk         ; 1.000        ; -0.073     ; 4.445      ;
; -3.515 ; buzzer:buzzer_inst|target_freq[7]  ; buzzer:buzzer_inst|target_freq[14] ; clk          ; clk         ; 1.000        ; -0.073     ; 4.444      ;
; -3.515 ; buzzer:buzzer_inst|target_freq[9]  ; buzzer:buzzer_inst|target_freq[15] ; clk          ; clk         ; 1.000        ; -0.073     ; 4.444      ;
; -3.496 ; buzzer:buzzer_inst|target_freq[7]  ; buzzer:buzzer_inst|target_freq[10] ; clk          ; clk         ; 1.000        ; -0.073     ; 4.425      ;
; -3.496 ; buzzer:buzzer_inst|target_freq[7]  ; buzzer:buzzer_inst|target_freq[11] ; clk          ; clk         ; 1.000        ; -0.073     ; 4.425      ;
; -3.496 ; buzzer:buzzer_inst|target_freq[7]  ; buzzer:buzzer_inst|target_freq[12] ; clk          ; clk         ; 1.000        ; -0.073     ; 4.425      ;
; -3.496 ; buzzer:buzzer_inst|target_freq[7]  ; buzzer:buzzer_inst|target_freq[9]  ; clk          ; clk         ; 1.000        ; -0.073     ; 4.425      ;
; -3.496 ; buzzer:buzzer_inst|target_freq[7]  ; buzzer:buzzer_inst|target_freq[8]  ; clk          ; clk         ; 1.000        ; -0.073     ; 4.425      ;
; -3.496 ; buzzer:buzzer_inst|target_freq[7]  ; buzzer:buzzer_inst|target_freq[7]  ; clk          ; clk         ; 1.000        ; -0.073     ; 4.425      ;
; -3.496 ; buzzer:buzzer_inst|target_freq[7]  ; buzzer:buzzer_inst|target_freq[6]  ; clk          ; clk         ; 1.000        ; -0.073     ; 4.425      ;
; -3.496 ; buzzer:buzzer_inst|target_freq[7]  ; buzzer:buzzer_inst|target_freq[5]  ; clk          ; clk         ; 1.000        ; -0.073     ; 4.425      ;
; -3.496 ; buzzer:buzzer_inst|target_freq[7]  ; buzzer:buzzer_inst|target_freq[4]  ; clk          ; clk         ; 1.000        ; -0.073     ; 4.425      ;
; -3.496 ; buzzer:buzzer_inst|target_freq[7]  ; buzzer:buzzer_inst|target_freq[3]  ; clk          ; clk         ; 1.000        ; -0.073     ; 4.425      ;
; -3.423 ; buzzer:buzzer_inst|target_freq[6]  ; buzzer:buzzer_inst|target_freq[15] ; clk          ; clk         ; 1.000        ; -0.073     ; 4.352      ;
; -3.409 ; buzzer:buzzer_inst|target_freq[8]  ; buzzer:buzzer_inst|target_freq[15] ; clk          ; clk         ; 1.000        ; -0.073     ; 4.338      ;
; -3.389 ; buzzer:buzzer_inst|target_freq[9]  ; buzzer:buzzer_inst|target_freq[13] ; clk          ; clk         ; 1.000        ; -0.073     ; 4.318      ;
; -3.388 ; buzzer:buzzer_inst|target_freq[9]  ; buzzer:buzzer_inst|target_freq[14] ; clk          ; clk         ; 1.000        ; -0.073     ; 4.317      ;
; -3.369 ; buzzer:buzzer_inst|target_freq[9]  ; buzzer:buzzer_inst|target_freq[10] ; clk          ; clk         ; 1.000        ; -0.073     ; 4.298      ;
; -3.369 ; buzzer:buzzer_inst|target_freq[9]  ; buzzer:buzzer_inst|target_freq[11] ; clk          ; clk         ; 1.000        ; -0.073     ; 4.298      ;
; -3.369 ; buzzer:buzzer_inst|target_freq[9]  ; buzzer:buzzer_inst|target_freq[12] ; clk          ; clk         ; 1.000        ; -0.073     ; 4.298      ;
; -3.369 ; buzzer:buzzer_inst|target_freq[9]  ; buzzer:buzzer_inst|target_freq[9]  ; clk          ; clk         ; 1.000        ; -0.073     ; 4.298      ;
; -3.369 ; buzzer:buzzer_inst|target_freq[9]  ; buzzer:buzzer_inst|target_freq[8]  ; clk          ; clk         ; 1.000        ; -0.073     ; 4.298      ;
; -3.369 ; buzzer:buzzer_inst|target_freq[9]  ; buzzer:buzzer_inst|target_freq[7]  ; clk          ; clk         ; 1.000        ; -0.073     ; 4.298      ;
; -3.369 ; buzzer:buzzer_inst|target_freq[9]  ; buzzer:buzzer_inst|target_freq[6]  ; clk          ; clk         ; 1.000        ; -0.073     ; 4.298      ;
; -3.369 ; buzzer:buzzer_inst|target_freq[9]  ; buzzer:buzzer_inst|target_freq[5]  ; clk          ; clk         ; 1.000        ; -0.073     ; 4.298      ;
; -3.369 ; buzzer:buzzer_inst|target_freq[9]  ; buzzer:buzzer_inst|target_freq[4]  ; clk          ; clk         ; 1.000        ; -0.073     ; 4.298      ;
; -3.369 ; buzzer:buzzer_inst|target_freq[9]  ; buzzer:buzzer_inst|target_freq[3]  ; clk          ; clk         ; 1.000        ; -0.073     ; 4.298      ;
; -3.366 ; buzzer:buzzer_inst|target_freq[11] ; buzzer:buzzer_inst|target_freq[15] ; clk          ; clk         ; 1.000        ; -0.073     ; 4.295      ;
; -3.301 ; buzzer:buzzer_inst|target_freq[5]  ; buzzer:buzzer_inst|target_freq[15] ; clk          ; clk         ; 1.000        ; -0.073     ; 4.230      ;
; -3.297 ; buzzer:buzzer_inst|target_freq[6]  ; buzzer:buzzer_inst|target_freq[13] ; clk          ; clk         ; 1.000        ; -0.073     ; 4.226      ;
; -3.296 ; buzzer:buzzer_inst|target_freq[6]  ; buzzer:buzzer_inst|target_freq[14] ; clk          ; clk         ; 1.000        ; -0.073     ; 4.225      ;
; -3.283 ; buzzer:buzzer_inst|target_freq[8]  ; buzzer:buzzer_inst|target_freq[13] ; clk          ; clk         ; 1.000        ; -0.073     ; 4.212      ;
; -3.282 ; buzzer:buzzer_inst|target_freq[8]  ; buzzer:buzzer_inst|target_freq[14] ; clk          ; clk         ; 1.000        ; -0.073     ; 4.211      ;
; -3.277 ; buzzer:buzzer_inst|target_freq[6]  ; buzzer:buzzer_inst|target_freq[10] ; clk          ; clk         ; 1.000        ; -0.073     ; 4.206      ;
; -3.277 ; buzzer:buzzer_inst|target_freq[6]  ; buzzer:buzzer_inst|target_freq[11] ; clk          ; clk         ; 1.000        ; -0.073     ; 4.206      ;
; -3.277 ; buzzer:buzzer_inst|target_freq[6]  ; buzzer:buzzer_inst|target_freq[12] ; clk          ; clk         ; 1.000        ; -0.073     ; 4.206      ;
; -3.277 ; buzzer:buzzer_inst|target_freq[6]  ; buzzer:buzzer_inst|target_freq[9]  ; clk          ; clk         ; 1.000        ; -0.073     ; 4.206      ;
; -3.277 ; buzzer:buzzer_inst|target_freq[6]  ; buzzer:buzzer_inst|target_freq[8]  ; clk          ; clk         ; 1.000        ; -0.073     ; 4.206      ;
; -3.277 ; buzzer:buzzer_inst|target_freq[6]  ; buzzer:buzzer_inst|target_freq[7]  ; clk          ; clk         ; 1.000        ; -0.073     ; 4.206      ;
; -3.277 ; buzzer:buzzer_inst|target_freq[6]  ; buzzer:buzzer_inst|target_freq[6]  ; clk          ; clk         ; 1.000        ; -0.073     ; 4.206      ;
; -3.277 ; buzzer:buzzer_inst|target_freq[6]  ; buzzer:buzzer_inst|target_freq[5]  ; clk          ; clk         ; 1.000        ; -0.073     ; 4.206      ;
; -3.277 ; buzzer:buzzer_inst|target_freq[6]  ; buzzer:buzzer_inst|target_freq[4]  ; clk          ; clk         ; 1.000        ; -0.073     ; 4.206      ;
; -3.277 ; buzzer:buzzer_inst|target_freq[6]  ; buzzer:buzzer_inst|target_freq[3]  ; clk          ; clk         ; 1.000        ; -0.073     ; 4.206      ;
; -3.263 ; buzzer:buzzer_inst|target_freq[8]  ; buzzer:buzzer_inst|target_freq[10] ; clk          ; clk         ; 1.000        ; -0.073     ; 4.192      ;
; -3.263 ; buzzer:buzzer_inst|target_freq[8]  ; buzzer:buzzer_inst|target_freq[11] ; clk          ; clk         ; 1.000        ; -0.073     ; 4.192      ;
; -3.263 ; buzzer:buzzer_inst|target_freq[8]  ; buzzer:buzzer_inst|target_freq[12] ; clk          ; clk         ; 1.000        ; -0.073     ; 4.192      ;
; -3.263 ; buzzer:buzzer_inst|target_freq[8]  ; buzzer:buzzer_inst|target_freq[9]  ; clk          ; clk         ; 1.000        ; -0.073     ; 4.192      ;
; -3.263 ; buzzer:buzzer_inst|target_freq[8]  ; buzzer:buzzer_inst|target_freq[8]  ; clk          ; clk         ; 1.000        ; -0.073     ; 4.192      ;
; -3.263 ; buzzer:buzzer_inst|target_freq[8]  ; buzzer:buzzer_inst|target_freq[7]  ; clk          ; clk         ; 1.000        ; -0.073     ; 4.192      ;
; -3.263 ; buzzer:buzzer_inst|target_freq[8]  ; buzzer:buzzer_inst|target_freq[6]  ; clk          ; clk         ; 1.000        ; -0.073     ; 4.192      ;
; -3.263 ; buzzer:buzzer_inst|target_freq[8]  ; buzzer:buzzer_inst|target_freq[5]  ; clk          ; clk         ; 1.000        ; -0.073     ; 4.192      ;
; -3.263 ; buzzer:buzzer_inst|target_freq[8]  ; buzzer:buzzer_inst|target_freq[4]  ; clk          ; clk         ; 1.000        ; -0.073     ; 4.192      ;
; -3.263 ; buzzer:buzzer_inst|target_freq[8]  ; buzzer:buzzer_inst|target_freq[3]  ; clk          ; clk         ; 1.000        ; -0.073     ; 4.192      ;
; -3.240 ; buzzer:buzzer_inst|target_freq[11] ; buzzer:buzzer_inst|target_freq[13] ; clk          ; clk         ; 1.000        ; -0.073     ; 4.169      ;
; -3.239 ; buzzer:buzzer_inst|target_freq[11] ; buzzer:buzzer_inst|target_freq[14] ; clk          ; clk         ; 1.000        ; -0.073     ; 4.168      ;
; -3.235 ; buzzer:buzzer_inst|target_freq[10] ; buzzer:buzzer_inst|target_freq[15] ; clk          ; clk         ; 1.000        ; -0.073     ; 4.164      ;
; -3.220 ; buzzer:buzzer_inst|target_freq[11] ; buzzer:buzzer_inst|target_freq[10] ; clk          ; clk         ; 1.000        ; -0.073     ; 4.149      ;
; -3.220 ; buzzer:buzzer_inst|target_freq[11] ; buzzer:buzzer_inst|target_freq[11] ; clk          ; clk         ; 1.000        ; -0.073     ; 4.149      ;
; -3.220 ; buzzer:buzzer_inst|target_freq[11] ; buzzer:buzzer_inst|target_freq[12] ; clk          ; clk         ; 1.000        ; -0.073     ; 4.149      ;
; -3.220 ; buzzer:buzzer_inst|target_freq[11] ; buzzer:buzzer_inst|target_freq[9]  ; clk          ; clk         ; 1.000        ; -0.073     ; 4.149      ;
; -3.220 ; buzzer:buzzer_inst|target_freq[11] ; buzzer:buzzer_inst|target_freq[8]  ; clk          ; clk         ; 1.000        ; -0.073     ; 4.149      ;
; -3.220 ; buzzer:buzzer_inst|target_freq[11] ; buzzer:buzzer_inst|target_freq[7]  ; clk          ; clk         ; 1.000        ; -0.073     ; 4.149      ;
; -3.220 ; buzzer:buzzer_inst|target_freq[11] ; buzzer:buzzer_inst|target_freq[6]  ; clk          ; clk         ; 1.000        ; -0.073     ; 4.149      ;
; -3.220 ; buzzer:buzzer_inst|target_freq[11] ; buzzer:buzzer_inst|target_freq[5]  ; clk          ; clk         ; 1.000        ; -0.073     ; 4.149      ;
; -3.220 ; buzzer:buzzer_inst|target_freq[11] ; buzzer:buzzer_inst|target_freq[4]  ; clk          ; clk         ; 1.000        ; -0.073     ; 4.149      ;
; -3.220 ; buzzer:buzzer_inst|target_freq[11] ; buzzer:buzzer_inst|target_freq[3]  ; clk          ; clk         ; 1.000        ; -0.073     ; 4.149      ;
; -3.175 ; buzzer:buzzer_inst|target_freq[5]  ; buzzer:buzzer_inst|target_freq[13] ; clk          ; clk         ; 1.000        ; -0.073     ; 4.104      ;
; -3.174 ; buzzer:buzzer_inst|target_freq[5]  ; buzzer:buzzer_inst|target_freq[14] ; clk          ; clk         ; 1.000        ; -0.073     ; 4.103      ;
; -3.155 ; buzzer:buzzer_inst|target_freq[5]  ; buzzer:buzzer_inst|target_freq[10] ; clk          ; clk         ; 1.000        ; -0.073     ; 4.084      ;
; -3.155 ; buzzer:buzzer_inst|target_freq[5]  ; buzzer:buzzer_inst|target_freq[11] ; clk          ; clk         ; 1.000        ; -0.073     ; 4.084      ;
; -3.155 ; buzzer:buzzer_inst|target_freq[5]  ; buzzer:buzzer_inst|target_freq[12] ; clk          ; clk         ; 1.000        ; -0.073     ; 4.084      ;
; -3.155 ; buzzer:buzzer_inst|target_freq[5]  ; buzzer:buzzer_inst|target_freq[9]  ; clk          ; clk         ; 1.000        ; -0.073     ; 4.084      ;
; -3.155 ; buzzer:buzzer_inst|target_freq[5]  ; buzzer:buzzer_inst|target_freq[8]  ; clk          ; clk         ; 1.000        ; -0.073     ; 4.084      ;
; -3.155 ; buzzer:buzzer_inst|target_freq[5]  ; buzzer:buzzer_inst|target_freq[7]  ; clk          ; clk         ; 1.000        ; -0.073     ; 4.084      ;
; -3.155 ; buzzer:buzzer_inst|target_freq[5]  ; buzzer:buzzer_inst|target_freq[6]  ; clk          ; clk         ; 1.000        ; -0.073     ; 4.084      ;
; -3.155 ; buzzer:buzzer_inst|target_freq[5]  ; buzzer:buzzer_inst|target_freq[5]  ; clk          ; clk         ; 1.000        ; -0.073     ; 4.084      ;
; -3.155 ; buzzer:buzzer_inst|target_freq[5]  ; buzzer:buzzer_inst|target_freq[4]  ; clk          ; clk         ; 1.000        ; -0.073     ; 4.084      ;
; -3.155 ; buzzer:buzzer_inst|target_freq[5]  ; buzzer:buzzer_inst|target_freq[3]  ; clk          ; clk         ; 1.000        ; -0.073     ; 4.084      ;
; -3.109 ; buzzer:buzzer_inst|target_freq[10] ; buzzer:buzzer_inst|target_freq[13] ; clk          ; clk         ; 1.000        ; -0.073     ; 4.038      ;
; -3.108 ; buzzer:buzzer_inst|target_freq[10] ; buzzer:buzzer_inst|target_freq[14] ; clk          ; clk         ; 1.000        ; -0.073     ; 4.037      ;
; -3.089 ; buzzer:buzzer_inst|target_freq[10] ; buzzer:buzzer_inst|target_freq[10] ; clk          ; clk         ; 1.000        ; -0.073     ; 4.018      ;
; -3.089 ; buzzer:buzzer_inst|target_freq[10] ; buzzer:buzzer_inst|target_freq[11] ; clk          ; clk         ; 1.000        ; -0.073     ; 4.018      ;
; -3.089 ; buzzer:buzzer_inst|target_freq[10] ; buzzer:buzzer_inst|target_freq[12] ; clk          ; clk         ; 1.000        ; -0.073     ; 4.018      ;
; -3.089 ; buzzer:buzzer_inst|target_freq[10] ; buzzer:buzzer_inst|target_freq[9]  ; clk          ; clk         ; 1.000        ; -0.073     ; 4.018      ;
; -3.089 ; buzzer:buzzer_inst|target_freq[10] ; buzzer:buzzer_inst|target_freq[8]  ; clk          ; clk         ; 1.000        ; -0.073     ; 4.018      ;
; -3.089 ; buzzer:buzzer_inst|target_freq[10] ; buzzer:buzzer_inst|target_freq[7]  ; clk          ; clk         ; 1.000        ; -0.073     ; 4.018      ;
; -3.089 ; buzzer:buzzer_inst|target_freq[10] ; buzzer:buzzer_inst|target_freq[6]  ; clk          ; clk         ; 1.000        ; -0.073     ; 4.018      ;
; -3.089 ; buzzer:buzzer_inst|target_freq[10] ; buzzer:buzzer_inst|target_freq[5]  ; clk          ; clk         ; 1.000        ; -0.073     ; 4.018      ;
; -3.089 ; buzzer:buzzer_inst|target_freq[10] ; buzzer:buzzer_inst|target_freq[4]  ; clk          ; clk         ; 1.000        ; -0.073     ; 4.018      ;
; -3.089 ; buzzer:buzzer_inst|target_freq[10] ; buzzer:buzzer_inst|target_freq[3]  ; clk          ; clk         ; 1.000        ; -0.073     ; 4.018      ;
; -2.902 ; buzzer:buzzer_inst|counter[4]      ; buzzer:buzzer_inst|counter[3]      ; clk          ; clk         ; 1.000        ; -0.072     ; 3.832      ;
; -2.902 ; buzzer:buzzer_inst|counter[4]      ; buzzer:buzzer_inst|counter[4]      ; clk          ; clk         ; 1.000        ; -0.072     ; 3.832      ;
; -2.902 ; buzzer:buzzer_inst|counter[4]      ; buzzer:buzzer_inst|counter[5]      ; clk          ; clk         ; 1.000        ; -0.072     ; 3.832      ;
; -2.902 ; buzzer:buzzer_inst|counter[4]      ; buzzer:buzzer_inst|counter[6]      ; clk          ; clk         ; 1.000        ; -0.072     ; 3.832      ;
; -2.902 ; buzzer:buzzer_inst|counter[4]      ; buzzer:buzzer_inst|counter[7]      ; clk          ; clk         ; 1.000        ; -0.072     ; 3.832      ;
; -2.902 ; buzzer:buzzer_inst|counter[4]      ; buzzer:buzzer_inst|counter[8]      ; clk          ; clk         ; 1.000        ; -0.072     ; 3.832      ;
; -2.902 ; buzzer:buzzer_inst|counter[4]      ; buzzer:buzzer_inst|counter[9]      ; clk          ; clk         ; 1.000        ; -0.072     ; 3.832      ;
; -2.902 ; buzzer:buzzer_inst|counter[4]      ; buzzer:buzzer_inst|counter[10]     ; clk          ; clk         ; 1.000        ; -0.072     ; 3.832      ;
; -2.902 ; buzzer:buzzer_inst|counter[4]      ; buzzer:buzzer_inst|counter[11]     ; clk          ; clk         ; 1.000        ; -0.072     ; 3.832      ;
+--------+------------------------------------+------------------------------------+--------------+-------------+--------------+------------+------------+


+-----------------------------------------------------------------------------------------------------------------------------------------------------------------------------------------------------------+
; Slow 1200mV 0C Model Hold: 'clk'                                                                                                                                                                          ;
+-------+----------------------------------------------------------+------------------------------------------------------------------+--------------+-------------+--------------+------------+------------+
; Slack ; From Node                                                ; To Node                                                          ; Launch Clock ; Latch Clock ; Relationship ; Clock Skew ; Data Delay ;
+-------+----------------------------------------------------------+------------------------------------------------------------------+--------------+-------------+--------------+------------+------------+
; 0.401 ; buzzer:buzzer_inst|pwm_out                               ; buzzer:buzzer_inst|pwm_out                                       ; clk          ; clk         ; 0.000        ; 0.073      ; 0.669      ;
; 0.401 ; buzzer:buzzer_inst|antidrebezg:debounce_up|button_out    ; buzzer:buzzer_inst|antidrebezg:debounce_up|button_out            ; clk          ; clk         ; 0.000        ; 0.073      ; 0.669      ;
; 0.403 ; buzzer:buzzer_inst|antidrebezg:debounce_down|button_out  ; buzzer:buzzer_inst|antidrebezg:debounce_down|button_out          ; clk          ; clk         ; 0.000        ; 0.071      ; 0.669      ;
; 0.454 ; buzzer:buzzer_inst|antidrebezg:debounce_up|counter[14]   ; buzzer:buzzer_inst|antidrebezg:debounce_up|counter[14]           ; clk          ; clk         ; 0.000        ; 0.073      ; 0.722      ;
; 0.456 ; buzzer:buzzer_inst|antidrebezg:debounce_down|counter[14] ; buzzer:buzzer_inst|antidrebezg:debounce_down|counter[14]         ; clk          ; clk         ; 0.000        ; 0.072      ; 0.723      ;
; 0.560 ; buzzer:buzzer_inst|counter[11]                           ; buzzer:buzzer_inst|counter[12]                                   ; clk          ; clk         ; 0.000        ; 0.541      ; 1.296      ;
; 0.577 ; buzzer:buzzer_inst|counter[10]                           ; buzzer:buzzer_inst|counter[12]                                   ; clk          ; clk         ; 0.000        ; 0.541      ; 1.313      ;
; 0.653 ; buzzer:buzzer_inst|counter[11]                           ; buzzer:buzzer_inst|counter[13]                                   ; clk          ; clk         ; 0.000        ; 0.541      ; 1.389      ;
; 0.665 ; buzzer:buzzer_inst|antidrebezg:debounce_down|button_sync ; buzzer:buzzer_inst|antidrebezg:debounce_down|button_sync_delayed ; clk          ; clk         ; 0.000        ; 0.071      ; 0.931      ;
; 0.667 ; buzzer:buzzer_inst|counter[1]                            ; buzzer:buzzer_inst|counter[1]                                    ; clk          ; clk         ; 0.000        ; 0.091      ; 0.953      ;
; 0.671 ; buzzer:buzzer_inst|counter[2]                            ; buzzer:buzzer_inst|counter[2]                                    ; clk          ; clk         ; 0.000        ; 0.091      ; 0.957      ;
; 0.682 ; buzzer:buzzer_inst|counter[11]                           ; buzzer:buzzer_inst|counter[14]                                   ; clk          ; clk         ; 0.000        ; 0.541      ; 1.418      ;
; 0.683 ; buzzer:buzzer_inst|counter[10]                           ; buzzer:buzzer_inst|counter[13]                                   ; clk          ; clk         ; 0.000        ; 0.541      ; 1.419      ;
; 0.684 ; buzzer:buzzer_inst|antidrebezg:debounce_up|counter[6]    ; buzzer:buzzer_inst|antidrebezg:debounce_up|counter[6]            ; clk          ; clk         ; 0.000        ; 0.073      ; 0.952      ;
; 0.685 ; buzzer:buzzer_inst|antidrebezg:debounce_down|counter[6]  ; buzzer:buzzer_inst|antidrebezg:debounce_down|counter[6]          ; clk          ; clk         ; 0.000        ; 0.072      ; 0.952      ;
; 0.686 ; buzzer:buzzer_inst|antidrebezg:debounce_up|counter[2]    ; buzzer:buzzer_inst|antidrebezg:debounce_up|counter[2]            ; clk          ; clk         ; 0.000        ; 0.073      ; 0.954      ;
; 0.686 ; buzzer:buzzer_inst|antidrebezg:debounce_up|counter[3]    ; buzzer:buzzer_inst|antidrebezg:debounce_up|counter[3]            ; clk          ; clk         ; 0.000        ; 0.073      ; 0.954      ;
; 0.686 ; buzzer:buzzer_inst|antidrebezg:debounce_up|counter[5]    ; buzzer:buzzer_inst|antidrebezg:debounce_up|counter[5]            ; clk          ; clk         ; 0.000        ; 0.073      ; 0.954      ;
; 0.686 ; buzzer:buzzer_inst|counter[9]                            ; buzzer:buzzer_inst|counter[12]                                   ; clk          ; clk         ; 0.000        ; 0.541      ; 1.422      ;
; 0.687 ; buzzer:buzzer_inst|antidrebezg:debounce_down|counter[2]  ; buzzer:buzzer_inst|antidrebezg:debounce_down|counter[2]          ; clk          ; clk         ; 0.000        ; 0.072      ; 0.954      ;
; 0.687 ; buzzer:buzzer_inst|antidrebezg:debounce_down|counter[3]  ; buzzer:buzzer_inst|antidrebezg:debounce_down|counter[3]          ; clk          ; clk         ; 0.000        ; 0.072      ; 0.954      ;
; 0.687 ; buzzer:buzzer_inst|antidrebezg:debounce_down|counter[5]  ; buzzer:buzzer_inst|antidrebezg:debounce_down|counter[5]          ; clk          ; clk         ; 0.000        ; 0.072      ; 0.954      ;
; 0.687 ; buzzer:buzzer_inst|antidrebezg:debounce_up|counter[4]    ; buzzer:buzzer_inst|antidrebezg:debounce_up|counter[4]            ; clk          ; clk         ; 0.000        ; 0.073      ; 0.955      ;
; 0.687 ; buzzer:buzzer_inst|counter[13]                           ; buzzer:buzzer_inst|counter[13]                                   ; clk          ; clk         ; 0.000        ; 0.091      ; 0.973      ;
; 0.688 ; buzzer:buzzer_inst|antidrebezg:debounce_down|counter[4]  ; buzzer:buzzer_inst|antidrebezg:debounce_down|counter[4]          ; clk          ; clk         ; 0.000        ; 0.072      ; 0.955      ;
; 0.688 ; buzzer:buzzer_inst|antidrebezg:debounce_up|counter[1]    ; buzzer:buzzer_inst|antidrebezg:debounce_up|counter[1]            ; clk          ; clk         ; 0.000        ; 0.073      ; 0.956      ;
; 0.689 ; buzzer:buzzer_inst|counter[15]                           ; buzzer:buzzer_inst|counter[15]                                   ; clk          ; clk         ; 0.000        ; 0.091      ; 0.975      ;
; 0.689 ; buzzer:buzzer_inst|antidrebezg:debounce_down|counter[1]  ; buzzer:buzzer_inst|antidrebezg:debounce_down|counter[1]          ; clk          ; clk         ; 0.000        ; 0.072      ; 0.956      ;
; 0.690 ; buzzer:buzzer_inst|antidrebezg:debounce_up|counter[7]    ; buzzer:buzzer_inst|antidrebezg:debounce_up|counter[7]            ; clk          ; clk         ; 0.000        ; 0.073      ; 0.958      ;
; 0.691 ; buzzer:buzzer_inst|antidrebezg:debounce_down|counter[7]  ; buzzer:buzzer_inst|antidrebezg:debounce_down|counter[7]          ; clk          ; clk         ; 0.000        ; 0.072      ; 0.958      ;
; 0.693 ; buzzer:buzzer_inst|counter[12]                           ; buzzer:buzzer_inst|counter[12]                                   ; clk          ; clk         ; 0.000        ; 0.091      ; 0.979      ;
; 0.693 ; buzzer:buzzer_inst|counter[14]                           ; buzzer:buzzer_inst|counter[14]                                   ; clk          ; clk         ; 0.000        ; 0.091      ; 0.979      ;
; 0.694 ; buzzer:buzzer_inst|counter[0]                            ; buzzer:buzzer_inst|counter[0]                                    ; clk          ; clk         ; 0.000        ; 0.091      ; 0.980      ;
; 0.695 ; buzzer:buzzer_inst|antidrebezg:debounce_up|counter[13]   ; buzzer:buzzer_inst|antidrebezg:debounce_up|counter[13]           ; clk          ; clk         ; 0.000        ; 0.073      ; 0.963      ;
; 0.696 ; buzzer:buzzer_inst|antidrebezg:debounce_down|counter[12] ; buzzer:buzzer_inst|antidrebezg:debounce_down|counter[12]         ; clk          ; clk         ; 0.000        ; 0.072      ; 0.963      ;
; 0.696 ; buzzer:buzzer_inst|antidrebezg:debounce_up|counter[12]   ; buzzer:buzzer_inst|antidrebezg:debounce_up|counter[12]           ; clk          ; clk         ; 0.000        ; 0.073      ; 0.964      ;
; 0.697 ; buzzer:buzzer_inst|antidrebezg:debounce_down|counter[13] ; buzzer:buzzer_inst|antidrebezg:debounce_down|counter[13]         ; clk          ; clk         ; 0.000        ; 0.072      ; 0.964      ;
; 0.699 ; buzzer:buzzer_inst|counter[10]                           ; buzzer:buzzer_inst|counter[14]                                   ; clk          ; clk         ; 0.000        ; 0.541      ; 1.435      ;
; 0.700 ; buzzer:buzzer_inst|counter[8]                            ; buzzer:buzzer_inst|counter[12]                                   ; clk          ; clk         ; 0.000        ; 0.541      ; 1.436      ;
; 0.706 ; buzzer:buzzer_inst|counter[3]                            ; buzzer:buzzer_inst|counter[3]                                    ; clk          ; clk         ; 0.000        ; 0.072      ; 0.973      ;
; 0.706 ; buzzer:buzzer_inst|counter[5]                            ; buzzer:buzzer_inst|counter[5]                                    ; clk          ; clk         ; 0.000        ; 0.072      ; 0.973      ;
; 0.707 ; buzzer:buzzer_inst|counter[11]                           ; buzzer:buzzer_inst|counter[11]                                   ; clk          ; clk         ; 0.000        ; 0.072      ; 0.974      ;
; 0.708 ; buzzer:buzzer_inst|counter[6]                            ; buzzer:buzzer_inst|counter[6]                                    ; clk          ; clk         ; 0.000        ; 0.072      ; 0.975      ;
; 0.708 ; buzzer:buzzer_inst|antidrebezg:debounce_up|counter[11]   ; buzzer:buzzer_inst|antidrebezg:debounce_up|counter[11]           ; clk          ; clk         ; 0.000        ; 0.073      ; 0.976      ;
; 0.709 ; buzzer:buzzer_inst|counter[7]                            ; buzzer:buzzer_inst|counter[7]                                    ; clk          ; clk         ; 0.000        ; 0.072      ; 0.976      ;
; 0.709 ; buzzer:buzzer_inst|counter[9]                            ; buzzer:buzzer_inst|counter[9]                                    ; clk          ; clk         ; 0.000        ; 0.072      ; 0.976      ;
; 0.709 ; buzzer:buzzer_inst|antidrebezg:debounce_down|counter[11] ; buzzer:buzzer_inst|antidrebezg:debounce_down|counter[11]         ; clk          ; clk         ; 0.000        ; 0.072      ; 0.976      ;
; 0.709 ; buzzer:buzzer_inst|antidrebezg:debounce_up|counter[8]    ; buzzer:buzzer_inst|antidrebezg:debounce_up|counter[8]            ; clk          ; clk         ; 0.000        ; 0.073      ; 0.977      ;
; 0.709 ; buzzer:buzzer_inst|antidrebezg:debounce_up|counter[10]   ; buzzer:buzzer_inst|antidrebezg:debounce_up|counter[10]           ; clk          ; clk         ; 0.000        ; 0.073      ; 0.977      ;
; 0.710 ; buzzer:buzzer_inst|antidrebezg:debounce_down|counter[8]  ; buzzer:buzzer_inst|antidrebezg:debounce_down|counter[8]          ; clk          ; clk         ; 0.000        ; 0.072      ; 0.977      ;
; 0.710 ; buzzer:buzzer_inst|antidrebezg:debounce_down|counter[10] ; buzzer:buzzer_inst|antidrebezg:debounce_down|counter[10]         ; clk          ; clk         ; 0.000        ; 0.072      ; 0.977      ;
; 0.712 ; buzzer:buzzer_inst|counter[4]                            ; buzzer:buzzer_inst|counter[4]                                    ; clk          ; clk         ; 0.000        ; 0.072      ; 0.979      ;
; 0.712 ; buzzer:buzzer_inst|counter[10]                           ; buzzer:buzzer_inst|counter[10]                                   ; clk          ; clk         ; 0.000        ; 0.072      ; 0.979      ;
; 0.712 ; buzzer:buzzer_inst|antidrebezg:debounce_up|counter[0]    ; buzzer:buzzer_inst|antidrebezg:debounce_up|counter[0]            ; clk          ; clk         ; 0.000        ; 0.073      ; 0.980      ;
; 0.712 ; buzzer:buzzer_inst|antidrebezg:debounce_up|counter[9]    ; buzzer:buzzer_inst|antidrebezg:debounce_up|counter[9]            ; clk          ; clk         ; 0.000        ; 0.073      ; 0.980      ;
; 0.713 ; buzzer:buzzer_inst|counter[8]                            ; buzzer:buzzer_inst|counter[8]                                    ; clk          ; clk         ; 0.000        ; 0.072      ; 0.980      ;
; 0.713 ; buzzer:buzzer_inst|antidrebezg:debounce_down|counter[0]  ; buzzer:buzzer_inst|antidrebezg:debounce_down|counter[0]          ; clk          ; clk         ; 0.000        ; 0.072      ; 0.980      ;
; 0.713 ; buzzer:buzzer_inst|antidrebezg:debounce_down|counter[9]  ; buzzer:buzzer_inst|antidrebezg:debounce_down|counter[9]          ; clk          ; clk         ; 0.000        ; 0.072      ; 0.980      ;
; 0.714 ; buzzer:buzzer_inst|target_freq[12]                       ; buzzer:buzzer_inst|target_freq[12]                               ; clk          ; clk         ; 0.000        ; 0.073      ; 0.982      ;
; 0.719 ; buzzer:buzzer_inst|btn_down_delayed                      ; buzzer:buzzer_inst|btn_down_pulse                                ; clk          ; clk         ; 0.000        ; 0.072      ; 0.986      ;
; 0.730 ; buzzer:buzzer_inst|target_freq[5]                        ; buzzer:buzzer_inst|target_freq[5]                                ; clk          ; clk         ; 0.000        ; 0.073      ; 0.998      ;
; 0.731 ; buzzer:buzzer_inst|target_freq[9]                        ; buzzer:buzzer_inst|target_freq[9]                                ; clk          ; clk         ; 0.000        ; 0.073      ; 0.999      ;
; 0.733 ; buzzer:buzzer_inst|target_freq[8]                        ; buzzer:buzzer_inst|target_freq[8]                                ; clk          ; clk         ; 0.000        ; 0.073      ; 1.001      ;
; 0.734 ; buzzer:buzzer_inst|target_freq[11]                       ; buzzer:buzzer_inst|target_freq[11]                               ; clk          ; clk         ; 0.000        ; 0.073      ; 1.002      ;
; 0.734 ; buzzer:buzzer_inst|target_freq[3]                        ; buzzer:buzzer_inst|target_freq[3]                                ; clk          ; clk         ; 0.000        ; 0.073      ; 1.002      ;
; 0.736 ; buzzer:buzzer_inst|target_freq[14]                       ; buzzer:buzzer_inst|target_freq[14]                               ; clk          ; clk         ; 0.000        ; 0.073      ; 1.004      ;
; 0.739 ; buzzer:buzzer_inst|antidrebezg:debounce_up|button_sync   ; buzzer:buzzer_inst|antidrebezg:debounce_up|button_out            ; clk          ; clk         ; 0.000        ; 0.073      ; 1.007      ;
; 0.740 ; buzzer:buzzer_inst|target_freq[13]                       ; buzzer:buzzer_inst|target_freq[13]                               ; clk          ; clk         ; 0.000        ; 0.073      ; 1.008      ;
; 0.743 ; buzzer:buzzer_inst|target_freq[15]                       ; buzzer:buzzer_inst|target_freq[15]                               ; clk          ; clk         ; 0.000        ; 0.073      ; 1.011      ;
; 0.749 ; buzzer:buzzer_inst|antidrebezg:debounce_down|button_sync ; buzzer:buzzer_inst|antidrebezg:debounce_down|button_out          ; clk          ; clk         ; 0.000        ; 0.071      ; 1.015      ;
; 0.775 ; buzzer:buzzer_inst|counter[11]                           ; buzzer:buzzer_inst|counter[15]                                   ; clk          ; clk         ; 0.000        ; 0.541      ; 1.511      ;
; 0.781 ; buzzer:buzzer_inst|counter[9]                            ; buzzer:buzzer_inst|counter[13]                                   ; clk          ; clk         ; 0.000        ; 0.541      ; 1.517      ;
; 0.805 ; buzzer:buzzer_inst|counter[10]                           ; buzzer:buzzer_inst|counter[15]                                   ; clk          ; clk         ; 0.000        ; 0.541      ; 1.541      ;
; 0.806 ; buzzer:buzzer_inst|counter[8]                            ; buzzer:buzzer_inst|counter[13]                                   ; clk          ; clk         ; 0.000        ; 0.541      ; 1.542      ;
; 0.808 ; buzzer:buzzer_inst|counter[9]                            ; buzzer:buzzer_inst|counter[14]                                   ; clk          ; clk         ; 0.000        ; 0.541      ; 1.544      ;
; 0.808 ; buzzer:buzzer_inst|counter[7]                            ; buzzer:buzzer_inst|counter[12]                                   ; clk          ; clk         ; 0.000        ; 0.541      ; 1.544      ;
; 0.817 ; buzzer:buzzer_inst|counter[6]                            ; buzzer:buzzer_inst|counter[12]                                   ; clk          ; clk         ; 0.000        ; 0.541      ; 1.553      ;
; 0.822 ; buzzer:buzzer_inst|counter[8]                            ; buzzer:buzzer_inst|counter[14]                                   ; clk          ; clk         ; 0.000        ; 0.541      ; 1.558      ;
; 0.857 ; buzzer:buzzer_inst|antidrebezg:debounce_up|button_out    ; buzzer:buzzer_inst|btn_up_delayed                                ; clk          ; clk         ; 0.000        ; 0.073      ; 1.125      ;
; 0.857 ; buzzer:buzzer_inst|antidrebezg:debounce_up|button_sync   ; buzzer:buzzer_inst|antidrebezg:debounce_up|button_sync_delayed   ; clk          ; clk         ; 0.000        ; 0.073      ; 1.125      ;
; 0.871 ; buzzer:buzzer_inst|target_freq[4]                        ; buzzer:buzzer_inst|target_freq[4]                                ; clk          ; clk         ; 0.000        ; 0.073      ; 1.139      ;
; 0.878 ; buzzer:buzzer_inst|target_freq[6]                        ; buzzer:buzzer_inst|target_freq[6]                                ; clk          ; clk         ; 0.000        ; 0.073      ; 1.146      ;
; 0.903 ; buzzer:buzzer_inst|counter[9]                            ; buzzer:buzzer_inst|counter[15]                                   ; clk          ; clk         ; 0.000        ; 0.541      ; 1.639      ;
; 0.904 ; buzzer:buzzer_inst|counter[7]                            ; buzzer:buzzer_inst|counter[13]                                   ; clk          ; clk         ; 0.000        ; 0.541      ; 1.640      ;
; 0.924 ; buzzer:buzzer_inst|counter[6]                            ; buzzer:buzzer_inst|counter[13]                                   ; clk          ; clk         ; 0.000        ; 0.541      ; 1.660      ;
; 0.925 ; buzzer:buzzer_inst|counter[5]                            ; buzzer:buzzer_inst|counter[12]                                   ; clk          ; clk         ; 0.000        ; 0.541      ; 1.661      ;
; 0.928 ; buzzer:buzzer_inst|counter[8]                            ; buzzer:buzzer_inst|counter[15]                                   ; clk          ; clk         ; 0.000        ; 0.541      ; 1.664      ;
; 0.930 ; buzzer:buzzer_inst|counter[7]                            ; buzzer:buzzer_inst|counter[14]                                   ; clk          ; clk         ; 0.000        ; 0.541      ; 1.666      ;
; 0.939 ; buzzer:buzzer_inst|counter[6]                            ; buzzer:buzzer_inst|counter[14]                                   ; clk          ; clk         ; 0.000        ; 0.541      ; 1.675      ;
; 0.942 ; buzzer:buzzer_inst|antidrebezg:debounce_down|button_out  ; buzzer:buzzer_inst|btn_down_pulse                                ; clk          ; clk         ; 0.000        ; 0.084      ; 1.221      ;
; 0.943 ; buzzer:buzzer_inst|counter[4]                            ; buzzer:buzzer_inst|counter[12]                                   ; clk          ; clk         ; 0.000        ; 0.541      ; 1.679      ;
; 0.945 ; buzzer:buzzer_inst|antidrebezg:debounce_down|button_out  ; buzzer:buzzer_inst|btn_down_delayed                              ; clk          ; clk         ; 0.000        ; 0.084      ; 1.224      ;
; 0.975 ; buzzer:buzzer_inst|target_freq[7]                        ; buzzer:buzzer_inst|target_freq[7]                                ; clk          ; clk         ; 0.000        ; 0.073      ; 1.243      ;
; 0.977 ; buzzer:buzzer_inst|target_freq[10]                       ; buzzer:buzzer_inst|target_freq[10]                               ; clk          ; clk         ; 0.000        ; 0.073      ; 1.245      ;
; 0.987 ; buzzer:buzzer_inst|counter[0]                            ; buzzer:buzzer_inst|counter[1]                                    ; clk          ; clk         ; 0.000        ; 0.091      ; 1.273      ;
; 0.991 ; buzzer:buzzer_inst|counter[1]                            ; buzzer:buzzer_inst|counter[2]                                    ; clk          ; clk         ; 0.000        ; 0.091      ; 1.277      ;
; 1.004 ; buzzer:buzzer_inst|counter[0]                            ; buzzer:buzzer_inst|counter[2]                                    ; clk          ; clk         ; 0.000        ; 0.091      ; 1.290      ;
; 1.005 ; buzzer:buzzer_inst|antidrebezg:debounce_up|counter[0]    ; buzzer:buzzer_inst|antidrebezg:debounce_up|counter[1]            ; clk          ; clk         ; 0.000        ; 0.073      ; 1.273      ;
; 1.005 ; buzzer:buzzer_inst|antidrebezg:debounce_up|counter[6]    ; buzzer:buzzer_inst|antidrebezg:debounce_up|counter[7]            ; clk          ; clk         ; 0.000        ; 0.073      ; 1.273      ;
; 1.006 ; buzzer:buzzer_inst|antidrebezg:debounce_up|counter[5]    ; buzzer:buzzer_inst|antidrebezg:debounce_up|counter[6]            ; clk          ; clk         ; 0.000        ; 0.073      ; 1.274      ;
+-------+----------------------------------------------------------+------------------------------------------------------------------+--------------+-------------+--------------+------------+------------+


----------------------------------------------
; Slow 1200mV 0C Model Metastability Summary ;
----------------------------------------------
No synchronizer chains to report.


+------------------------------------+
; Fast 1200mV 0C Model Setup Summary ;
+-------+--------+-------------------+
; Clock ; Slack  ; End Point TNS     ;
+-------+--------+-------------------+
; clk   ; -1.169 ; -41.105           ;
+-------+--------+-------------------+


+-----------------------------------+
; Fast 1200mV 0C Model Hold Summary ;
+-------+-------+-------------------+
; Clock ; Slack ; End Point TNS     ;
+-------+-------+-------------------+
; clk   ; 0.186 ; 0.000             ;
+-------+-------+-------------------+


-----------------------------------------
; Fast 1200mV 0C Model Recovery Summary ;
-----------------------------------------
No paths to report.


----------------------------------------
; Fast 1200mV 0C Model Removal Summary ;
----------------------------------------
No paths to report.


+--------------------------------------------------+
; Fast 1200mV 0C Model Minimum Pulse Width Summary ;
+-------+--------+---------------------------------+
; Clock ; Slack  ; End Point TNS                   ;
+-------+--------+---------------------------------+
; clk   ; -3.000 ; -77.728                         ;
+-------+--------+---------------------------------+


+--------------------------------------------------------------------------------------------------------------------------------------------------------+
; Fast 1200mV 0C Model Setup: 'clk'                                                                                                                      ;
+--------+------------------------------------+------------------------------------+--------------+-------------+--------------+------------+------------+
; Slack  ; From Node                          ; To Node                            ; Launch Clock ; Latch Clock ; Relationship ; Clock Skew ; Data Delay ;
+--------+------------------------------------+------------------------------------+--------------+-------------+--------------+------------+------------+
; -1.169 ; buzzer:buzzer_inst|target_freq[7]  ; buzzer:buzzer_inst|target_freq[15] ; clk          ; clk         ; 1.000        ; -0.036     ; 2.120      ;
; -1.126 ; buzzer:buzzer_inst|target_freq[9]  ; buzzer:buzzer_inst|target_freq[15] ; clk          ; clk         ; 1.000        ; -0.036     ; 2.077      ;
; -1.125 ; buzzer:buzzer_inst|target_freq[7]  ; buzzer:buzzer_inst|target_freq[14] ; clk          ; clk         ; 1.000        ; -0.036     ; 2.076      ;
; -1.101 ; buzzer:buzzer_inst|target_freq[7]  ; buzzer:buzzer_inst|target_freq[13] ; clk          ; clk         ; 1.000        ; -0.036     ; 2.052      ;
; -1.082 ; buzzer:buzzer_inst|target_freq[9]  ; buzzer:buzzer_inst|target_freq[14] ; clk          ; clk         ; 1.000        ; -0.036     ; 2.033      ;
; -1.065 ; buzzer:buzzer_inst|target_freq[8]  ; buzzer:buzzer_inst|target_freq[15] ; clk          ; clk         ; 1.000        ; -0.036     ; 2.016      ;
; -1.058 ; buzzer:buzzer_inst|target_freq[9]  ; buzzer:buzzer_inst|target_freq[13] ; clk          ; clk         ; 1.000        ; -0.036     ; 2.009      ;
; -1.057 ; buzzer:buzzer_inst|target_freq[7]  ; buzzer:buzzer_inst|target_freq[12] ; clk          ; clk         ; 1.000        ; -0.036     ; 2.008      ;
; -1.046 ; buzzer:buzzer_inst|target_freq[7]  ; buzzer:buzzer_inst|target_freq[10] ; clk          ; clk         ; 1.000        ; -0.036     ; 1.997      ;
; -1.046 ; buzzer:buzzer_inst|target_freq[7]  ; buzzer:buzzer_inst|target_freq[11] ; clk          ; clk         ; 1.000        ; -0.036     ; 1.997      ;
; -1.046 ; buzzer:buzzer_inst|target_freq[7]  ; buzzer:buzzer_inst|target_freq[9]  ; clk          ; clk         ; 1.000        ; -0.036     ; 1.997      ;
; -1.046 ; buzzer:buzzer_inst|target_freq[7]  ; buzzer:buzzer_inst|target_freq[8]  ; clk          ; clk         ; 1.000        ; -0.036     ; 1.997      ;
; -1.046 ; buzzer:buzzer_inst|target_freq[7]  ; buzzer:buzzer_inst|target_freq[7]  ; clk          ; clk         ; 1.000        ; -0.036     ; 1.997      ;
; -1.046 ; buzzer:buzzer_inst|target_freq[7]  ; buzzer:buzzer_inst|target_freq[6]  ; clk          ; clk         ; 1.000        ; -0.036     ; 1.997      ;
; -1.046 ; buzzer:buzzer_inst|target_freq[7]  ; buzzer:buzzer_inst|target_freq[5]  ; clk          ; clk         ; 1.000        ; -0.036     ; 1.997      ;
; -1.046 ; buzzer:buzzer_inst|target_freq[7]  ; buzzer:buzzer_inst|target_freq[4]  ; clk          ; clk         ; 1.000        ; -0.036     ; 1.997      ;
; -1.046 ; buzzer:buzzer_inst|target_freq[7]  ; buzzer:buzzer_inst|target_freq[3]  ; clk          ; clk         ; 1.000        ; -0.036     ; 1.997      ;
; -1.039 ; buzzer:buzzer_inst|target_freq[6]  ; buzzer:buzzer_inst|target_freq[15] ; clk          ; clk         ; 1.000        ; -0.036     ; 1.990      ;
; -1.021 ; buzzer:buzzer_inst|target_freq[8]  ; buzzer:buzzer_inst|target_freq[14] ; clk          ; clk         ; 1.000        ; -0.036     ; 1.972      ;
; -1.014 ; buzzer:buzzer_inst|target_freq[9]  ; buzzer:buzzer_inst|target_freq[12] ; clk          ; clk         ; 1.000        ; -0.036     ; 1.965      ;
; -1.011 ; buzzer:buzzer_inst|target_freq[11] ; buzzer:buzzer_inst|target_freq[15] ; clk          ; clk         ; 1.000        ; -0.036     ; 1.962      ;
; -1.006 ; buzzer:buzzer_inst|target_freq[5]  ; buzzer:buzzer_inst|target_freq[15] ; clk          ; clk         ; 1.000        ; -0.036     ; 1.957      ;
; -1.003 ; buzzer:buzzer_inst|target_freq[9]  ; buzzer:buzzer_inst|target_freq[10] ; clk          ; clk         ; 1.000        ; -0.036     ; 1.954      ;
; -1.003 ; buzzer:buzzer_inst|target_freq[9]  ; buzzer:buzzer_inst|target_freq[11] ; clk          ; clk         ; 1.000        ; -0.036     ; 1.954      ;
; -1.003 ; buzzer:buzzer_inst|target_freq[9]  ; buzzer:buzzer_inst|target_freq[9]  ; clk          ; clk         ; 1.000        ; -0.036     ; 1.954      ;
; -1.003 ; buzzer:buzzer_inst|target_freq[9]  ; buzzer:buzzer_inst|target_freq[8]  ; clk          ; clk         ; 1.000        ; -0.036     ; 1.954      ;
; -1.003 ; buzzer:buzzer_inst|target_freq[9]  ; buzzer:buzzer_inst|target_freq[7]  ; clk          ; clk         ; 1.000        ; -0.036     ; 1.954      ;
; -1.003 ; buzzer:buzzer_inst|target_freq[9]  ; buzzer:buzzer_inst|target_freq[6]  ; clk          ; clk         ; 1.000        ; -0.036     ; 1.954      ;
; -1.003 ; buzzer:buzzer_inst|target_freq[9]  ; buzzer:buzzer_inst|target_freq[5]  ; clk          ; clk         ; 1.000        ; -0.036     ; 1.954      ;
; -1.003 ; buzzer:buzzer_inst|target_freq[9]  ; buzzer:buzzer_inst|target_freq[4]  ; clk          ; clk         ; 1.000        ; -0.036     ; 1.954      ;
; -1.003 ; buzzer:buzzer_inst|target_freq[9]  ; buzzer:buzzer_inst|target_freq[3]  ; clk          ; clk         ; 1.000        ; -0.036     ; 1.954      ;
; -0.997 ; buzzer:buzzer_inst|target_freq[8]  ; buzzer:buzzer_inst|target_freq[13] ; clk          ; clk         ; 1.000        ; -0.036     ; 1.948      ;
; -0.995 ; buzzer:buzzer_inst|target_freq[6]  ; buzzer:buzzer_inst|target_freq[14] ; clk          ; clk         ; 1.000        ; -0.036     ; 1.946      ;
; -0.971 ; buzzer:buzzer_inst|target_freq[6]  ; buzzer:buzzer_inst|target_freq[13] ; clk          ; clk         ; 1.000        ; -0.036     ; 1.922      ;
; -0.967 ; buzzer:buzzer_inst|target_freq[11] ; buzzer:buzzer_inst|target_freq[14] ; clk          ; clk         ; 1.000        ; -0.036     ; 1.918      ;
; -0.962 ; buzzer:buzzer_inst|target_freq[5]  ; buzzer:buzzer_inst|target_freq[14] ; clk          ; clk         ; 1.000        ; -0.036     ; 1.913      ;
; -0.953 ; buzzer:buzzer_inst|target_freq[8]  ; buzzer:buzzer_inst|target_freq[12] ; clk          ; clk         ; 1.000        ; -0.036     ; 1.904      ;
; -0.952 ; buzzer:buzzer_inst|target_freq[10] ; buzzer:buzzer_inst|target_freq[15] ; clk          ; clk         ; 1.000        ; -0.036     ; 1.903      ;
; -0.943 ; buzzer:buzzer_inst|target_freq[11] ; buzzer:buzzer_inst|target_freq[13] ; clk          ; clk         ; 1.000        ; -0.036     ; 1.894      ;
; -0.942 ; buzzer:buzzer_inst|target_freq[8]  ; buzzer:buzzer_inst|target_freq[10] ; clk          ; clk         ; 1.000        ; -0.036     ; 1.893      ;
; -0.942 ; buzzer:buzzer_inst|target_freq[8]  ; buzzer:buzzer_inst|target_freq[11] ; clk          ; clk         ; 1.000        ; -0.036     ; 1.893      ;
; -0.942 ; buzzer:buzzer_inst|target_freq[8]  ; buzzer:buzzer_inst|target_freq[9]  ; clk          ; clk         ; 1.000        ; -0.036     ; 1.893      ;
; -0.942 ; buzzer:buzzer_inst|target_freq[8]  ; buzzer:buzzer_inst|target_freq[8]  ; clk          ; clk         ; 1.000        ; -0.036     ; 1.893      ;
; -0.942 ; buzzer:buzzer_inst|target_freq[8]  ; buzzer:buzzer_inst|target_freq[7]  ; clk          ; clk         ; 1.000        ; -0.036     ; 1.893      ;
; -0.942 ; buzzer:buzzer_inst|target_freq[8]  ; buzzer:buzzer_inst|target_freq[6]  ; clk          ; clk         ; 1.000        ; -0.036     ; 1.893      ;
; -0.942 ; buzzer:buzzer_inst|target_freq[8]  ; buzzer:buzzer_inst|target_freq[5]  ; clk          ; clk         ; 1.000        ; -0.036     ; 1.893      ;
; -0.942 ; buzzer:buzzer_inst|target_freq[8]  ; buzzer:buzzer_inst|target_freq[4]  ; clk          ; clk         ; 1.000        ; -0.036     ; 1.893      ;
; -0.942 ; buzzer:buzzer_inst|target_freq[8]  ; buzzer:buzzer_inst|target_freq[3]  ; clk          ; clk         ; 1.000        ; -0.036     ; 1.893      ;
; -0.938 ; buzzer:buzzer_inst|target_freq[5]  ; buzzer:buzzer_inst|target_freq[13] ; clk          ; clk         ; 1.000        ; -0.036     ; 1.889      ;
; -0.927 ; buzzer:buzzer_inst|target_freq[6]  ; buzzer:buzzer_inst|target_freq[12] ; clk          ; clk         ; 1.000        ; -0.036     ; 1.878      ;
; -0.916 ; buzzer:buzzer_inst|target_freq[6]  ; buzzer:buzzer_inst|target_freq[10] ; clk          ; clk         ; 1.000        ; -0.036     ; 1.867      ;
; -0.916 ; buzzer:buzzer_inst|target_freq[6]  ; buzzer:buzzer_inst|target_freq[11] ; clk          ; clk         ; 1.000        ; -0.036     ; 1.867      ;
; -0.916 ; buzzer:buzzer_inst|target_freq[6]  ; buzzer:buzzer_inst|target_freq[9]  ; clk          ; clk         ; 1.000        ; -0.036     ; 1.867      ;
; -0.916 ; buzzer:buzzer_inst|target_freq[6]  ; buzzer:buzzer_inst|target_freq[8]  ; clk          ; clk         ; 1.000        ; -0.036     ; 1.867      ;
; -0.916 ; buzzer:buzzer_inst|target_freq[6]  ; buzzer:buzzer_inst|target_freq[7]  ; clk          ; clk         ; 1.000        ; -0.036     ; 1.867      ;
; -0.916 ; buzzer:buzzer_inst|target_freq[6]  ; buzzer:buzzer_inst|target_freq[6]  ; clk          ; clk         ; 1.000        ; -0.036     ; 1.867      ;
; -0.916 ; buzzer:buzzer_inst|target_freq[6]  ; buzzer:buzzer_inst|target_freq[5]  ; clk          ; clk         ; 1.000        ; -0.036     ; 1.867      ;
; -0.916 ; buzzer:buzzer_inst|target_freq[6]  ; buzzer:buzzer_inst|target_freq[4]  ; clk          ; clk         ; 1.000        ; -0.036     ; 1.867      ;
; -0.916 ; buzzer:buzzer_inst|target_freq[6]  ; buzzer:buzzer_inst|target_freq[3]  ; clk          ; clk         ; 1.000        ; -0.036     ; 1.867      ;
; -0.903 ; buzzer:buzzer_inst|target_freq[10] ; buzzer:buzzer_inst|target_freq[14] ; clk          ; clk         ; 1.000        ; -0.036     ; 1.854      ;
; -0.899 ; buzzer:buzzer_inst|target_freq[11] ; buzzer:buzzer_inst|target_freq[12] ; clk          ; clk         ; 1.000        ; -0.036     ; 1.850      ;
; -0.894 ; buzzer:buzzer_inst|target_freq[5]  ; buzzer:buzzer_inst|target_freq[12] ; clk          ; clk         ; 1.000        ; -0.036     ; 1.845      ;
; -0.888 ; buzzer:buzzer_inst|target_freq[11] ; buzzer:buzzer_inst|target_freq[10] ; clk          ; clk         ; 1.000        ; -0.036     ; 1.839      ;
; -0.888 ; buzzer:buzzer_inst|target_freq[11] ; buzzer:buzzer_inst|target_freq[11] ; clk          ; clk         ; 1.000        ; -0.036     ; 1.839      ;
; -0.888 ; buzzer:buzzer_inst|target_freq[11] ; buzzer:buzzer_inst|target_freq[9]  ; clk          ; clk         ; 1.000        ; -0.036     ; 1.839      ;
; -0.888 ; buzzer:buzzer_inst|target_freq[11] ; buzzer:buzzer_inst|target_freq[8]  ; clk          ; clk         ; 1.000        ; -0.036     ; 1.839      ;
; -0.888 ; buzzer:buzzer_inst|target_freq[11] ; buzzer:buzzer_inst|target_freq[7]  ; clk          ; clk         ; 1.000        ; -0.036     ; 1.839      ;
; -0.888 ; buzzer:buzzer_inst|target_freq[11] ; buzzer:buzzer_inst|target_freq[6]  ; clk          ; clk         ; 1.000        ; -0.036     ; 1.839      ;
; -0.888 ; buzzer:buzzer_inst|target_freq[11] ; buzzer:buzzer_inst|target_freq[5]  ; clk          ; clk         ; 1.000        ; -0.036     ; 1.839      ;
; -0.888 ; buzzer:buzzer_inst|target_freq[11] ; buzzer:buzzer_inst|target_freq[4]  ; clk          ; clk         ; 1.000        ; -0.036     ; 1.839      ;
; -0.888 ; buzzer:buzzer_inst|target_freq[11] ; buzzer:buzzer_inst|target_freq[3]  ; clk          ; clk         ; 1.000        ; -0.036     ; 1.839      ;
; -0.884 ; buzzer:buzzer_inst|target_freq[10] ; buzzer:buzzer_inst|target_freq[13] ; clk          ; clk         ; 1.000        ; -0.036     ; 1.835      ;
; -0.883 ; buzzer:buzzer_inst|target_freq[5]  ; buzzer:buzzer_inst|target_freq[10] ; clk          ; clk         ; 1.000        ; -0.036     ; 1.834      ;
; -0.883 ; buzzer:buzzer_inst|target_freq[5]  ; buzzer:buzzer_inst|target_freq[11] ; clk          ; clk         ; 1.000        ; -0.036     ; 1.834      ;
; -0.883 ; buzzer:buzzer_inst|target_freq[5]  ; buzzer:buzzer_inst|target_freq[9]  ; clk          ; clk         ; 1.000        ; -0.036     ; 1.834      ;
; -0.883 ; buzzer:buzzer_inst|target_freq[5]  ; buzzer:buzzer_inst|target_freq[8]  ; clk          ; clk         ; 1.000        ; -0.036     ; 1.834      ;
; -0.883 ; buzzer:buzzer_inst|target_freq[5]  ; buzzer:buzzer_inst|target_freq[7]  ; clk          ; clk         ; 1.000        ; -0.036     ; 1.834      ;
; -0.883 ; buzzer:buzzer_inst|target_freq[5]  ; buzzer:buzzer_inst|target_freq[6]  ; clk          ; clk         ; 1.000        ; -0.036     ; 1.834      ;
; -0.883 ; buzzer:buzzer_inst|target_freq[5]  ; buzzer:buzzer_inst|target_freq[5]  ; clk          ; clk         ; 1.000        ; -0.036     ; 1.834      ;
; -0.883 ; buzzer:buzzer_inst|target_freq[5]  ; buzzer:buzzer_inst|target_freq[4]  ; clk          ; clk         ; 1.000        ; -0.036     ; 1.834      ;
; -0.883 ; buzzer:buzzer_inst|target_freq[5]  ; buzzer:buzzer_inst|target_freq[3]  ; clk          ; clk         ; 1.000        ; -0.036     ; 1.834      ;
; -0.856 ; buzzer:buzzer_inst|target_freq[4]  ; buzzer:buzzer_inst|pwm_out         ; clk          ; clk         ; 1.000        ; -0.035     ; 1.808      ;
; -0.835 ; buzzer:buzzer_inst|target_freq[10] ; buzzer:buzzer_inst|target_freq[12] ; clk          ; clk         ; 1.000        ; -0.036     ; 1.786      ;
; -0.835 ; buzzer:buzzer_inst|counter[4]      ; buzzer:buzzer_inst|pwm_out         ; clk          ; clk         ; 1.000        ; -0.024     ; 1.798      ;
; -0.824 ; buzzer:buzzer_inst|target_freq[10] ; buzzer:buzzer_inst|target_freq[10] ; clk          ; clk         ; 1.000        ; -0.036     ; 1.775      ;
; -0.824 ; buzzer:buzzer_inst|target_freq[10] ; buzzer:buzzer_inst|target_freq[11] ; clk          ; clk         ; 1.000        ; -0.036     ; 1.775      ;
; -0.824 ; buzzer:buzzer_inst|target_freq[10] ; buzzer:buzzer_inst|target_freq[9]  ; clk          ; clk         ; 1.000        ; -0.036     ; 1.775      ;
; -0.824 ; buzzer:buzzer_inst|target_freq[10] ; buzzer:buzzer_inst|target_freq[8]  ; clk          ; clk         ; 1.000        ; -0.036     ; 1.775      ;
; -0.824 ; buzzer:buzzer_inst|target_freq[10] ; buzzer:buzzer_inst|target_freq[7]  ; clk          ; clk         ; 1.000        ; -0.036     ; 1.775      ;
; -0.824 ; buzzer:buzzer_inst|target_freq[10] ; buzzer:buzzer_inst|target_freq[6]  ; clk          ; clk         ; 1.000        ; -0.036     ; 1.775      ;
; -0.824 ; buzzer:buzzer_inst|target_freq[10] ; buzzer:buzzer_inst|target_freq[5]  ; clk          ; clk         ; 1.000        ; -0.036     ; 1.775      ;
; -0.824 ; buzzer:buzzer_inst|target_freq[10] ; buzzer:buzzer_inst|target_freq[4]  ; clk          ; clk         ; 1.000        ; -0.036     ; 1.775      ;
; -0.824 ; buzzer:buzzer_inst|target_freq[10] ; buzzer:buzzer_inst|target_freq[3]  ; clk          ; clk         ; 1.000        ; -0.036     ; 1.775      ;
; -0.790 ; buzzer:buzzer_inst|target_freq[4]  ; buzzer:buzzer_inst|counter[3]      ; clk          ; clk         ; 1.000        ; -0.047     ; 1.730      ;
; -0.790 ; buzzer:buzzer_inst|target_freq[4]  ; buzzer:buzzer_inst|counter[4]      ; clk          ; clk         ; 1.000        ; -0.047     ; 1.730      ;
; -0.790 ; buzzer:buzzer_inst|target_freq[4]  ; buzzer:buzzer_inst|counter[5]      ; clk          ; clk         ; 1.000        ; -0.047     ; 1.730      ;
; -0.790 ; buzzer:buzzer_inst|target_freq[4]  ; buzzer:buzzer_inst|counter[6]      ; clk          ; clk         ; 1.000        ; -0.047     ; 1.730      ;
; -0.790 ; buzzer:buzzer_inst|target_freq[4]  ; buzzer:buzzer_inst|counter[7]      ; clk          ; clk         ; 1.000        ; -0.047     ; 1.730      ;
; -0.790 ; buzzer:buzzer_inst|target_freq[4]  ; buzzer:buzzer_inst|counter[8]      ; clk          ; clk         ; 1.000        ; -0.047     ; 1.730      ;
; -0.790 ; buzzer:buzzer_inst|target_freq[4]  ; buzzer:buzzer_inst|counter[9]      ; clk          ; clk         ; 1.000        ; -0.047     ; 1.730      ;
+--------+------------------------------------+------------------------------------+--------------+-------------+--------------+------------+------------+


+-----------------------------------------------------------------------------------------------------------------------------------------------------------------------------------------------------------+
; Fast 1200mV 0C Model Hold: 'clk'                                                                                                                                                                          ;
+-------+----------------------------------------------------------+------------------------------------------------------------------+--------------+-------------+--------------+------------+------------+
; Slack ; From Node                                                ; To Node                                                          ; Launch Clock ; Latch Clock ; Relationship ; Clock Skew ; Data Delay ;
+-------+----------------------------------------------------------+------------------------------------------------------------------+--------------+-------------+--------------+------------+------------+
; 0.186 ; buzzer:buzzer_inst|antidrebezg:debounce_up|button_out    ; buzzer:buzzer_inst|antidrebezg:debounce_up|button_out            ; clk          ; clk         ; 0.000        ; 0.037      ; 0.307      ;
; 0.187 ; buzzer:buzzer_inst|pwm_out                               ; buzzer:buzzer_inst|pwm_out                                       ; clk          ; clk         ; 0.000        ; 0.036      ; 0.307      ;
; 0.188 ; buzzer:buzzer_inst|antidrebezg:debounce_down|button_out  ; buzzer:buzzer_inst|antidrebezg:debounce_down|button_out          ; clk          ; clk         ; 0.000        ; 0.035      ; 0.307      ;
; 0.197 ; buzzer:buzzer_inst|antidrebezg:debounce_up|counter[14]   ; buzzer:buzzer_inst|antidrebezg:debounce_up|counter[14]           ; clk          ; clk         ; 0.000        ; 0.036      ; 0.317      ;
; 0.199 ; buzzer:buzzer_inst|antidrebezg:debounce_down|counter[14] ; buzzer:buzzer_inst|antidrebezg:debounce_down|counter[14]         ; clk          ; clk         ; 0.000        ; 0.035      ; 0.318      ;
; 0.255 ; buzzer:buzzer_inst|counter[11]                           ; buzzer:buzzer_inst|counter[12]                                   ; clk          ; clk         ; 0.000        ; 0.235      ; 0.574      ;
; 0.270 ; buzzer:buzzer_inst|counter[10]                           ; buzzer:buzzer_inst|counter[12]                                   ; clk          ; clk         ; 0.000        ; 0.235      ; 0.589      ;
; 0.278 ; buzzer:buzzer_inst|antidrebezg:debounce_down|button_sync ; buzzer:buzzer_inst|antidrebezg:debounce_down|button_sync_delayed ; clk          ; clk         ; 0.000        ; 0.035      ; 0.397      ;
; 0.286 ; buzzer:buzzer_inst|counter[1]                            ; buzzer:buzzer_inst|counter[1]                                    ; clk          ; clk         ; 0.000        ; 0.044      ; 0.414      ;
; 0.287 ; buzzer:buzzer_inst|counter[2]                            ; buzzer:buzzer_inst|counter[2]                                    ; clk          ; clk         ; 0.000        ; 0.044      ; 0.415      ;
; 0.294 ; buzzer:buzzer_inst|antidrebezg:debounce_up|counter[2]    ; buzzer:buzzer_inst|antidrebezg:debounce_up|counter[2]            ; clk          ; clk         ; 0.000        ; 0.036      ; 0.414      ;
; 0.294 ; buzzer:buzzer_inst|antidrebezg:debounce_up|counter[3]    ; buzzer:buzzer_inst|antidrebezg:debounce_up|counter[3]            ; clk          ; clk         ; 0.000        ; 0.036      ; 0.414      ;
; 0.294 ; buzzer:buzzer_inst|antidrebezg:debounce_up|counter[6]    ; buzzer:buzzer_inst|antidrebezg:debounce_up|counter[6]            ; clk          ; clk         ; 0.000        ; 0.036      ; 0.414      ;
; 0.295 ; buzzer:buzzer_inst|antidrebezg:debounce_down|counter[2]  ; buzzer:buzzer_inst|antidrebezg:debounce_down|counter[2]          ; clk          ; clk         ; 0.000        ; 0.035      ; 0.414      ;
; 0.295 ; buzzer:buzzer_inst|antidrebezg:debounce_down|counter[3]  ; buzzer:buzzer_inst|antidrebezg:debounce_down|counter[3]          ; clk          ; clk         ; 0.000        ; 0.035      ; 0.414      ;
; 0.295 ; buzzer:buzzer_inst|antidrebezg:debounce_down|counter[6]  ; buzzer:buzzer_inst|antidrebezg:debounce_down|counter[6]          ; clk          ; clk         ; 0.000        ; 0.035      ; 0.414      ;
; 0.295 ; buzzer:buzzer_inst|antidrebezg:debounce_up|counter[1]    ; buzzer:buzzer_inst|antidrebezg:debounce_up|counter[1]            ; clk          ; clk         ; 0.000        ; 0.036      ; 0.415      ;
; 0.295 ; buzzer:buzzer_inst|antidrebezg:debounce_up|counter[4]    ; buzzer:buzzer_inst|antidrebezg:debounce_up|counter[4]            ; clk          ; clk         ; 0.000        ; 0.036      ; 0.415      ;
; 0.295 ; buzzer:buzzer_inst|antidrebezg:debounce_up|counter[5]    ; buzzer:buzzer_inst|antidrebezg:debounce_up|counter[5]            ; clk          ; clk         ; 0.000        ; 0.036      ; 0.415      ;
; 0.296 ; buzzer:buzzer_inst|counter[15]                           ; buzzer:buzzer_inst|counter[15]                                   ; clk          ; clk         ; 0.000        ; 0.044      ; 0.424      ;
; 0.296 ; buzzer:buzzer_inst|antidrebezg:debounce_down|counter[1]  ; buzzer:buzzer_inst|antidrebezg:debounce_down|counter[1]          ; clk          ; clk         ; 0.000        ; 0.035      ; 0.415      ;
; 0.296 ; buzzer:buzzer_inst|antidrebezg:debounce_down|counter[4]  ; buzzer:buzzer_inst|antidrebezg:debounce_down|counter[4]          ; clk          ; clk         ; 0.000        ; 0.035      ; 0.415      ;
; 0.296 ; buzzer:buzzer_inst|antidrebezg:debounce_down|counter[5]  ; buzzer:buzzer_inst|antidrebezg:debounce_down|counter[5]          ; clk          ; clk         ; 0.000        ; 0.035      ; 0.415      ;
; 0.296 ; buzzer:buzzer_inst|antidrebezg:debounce_up|counter[7]    ; buzzer:buzzer_inst|antidrebezg:debounce_up|counter[7]            ; clk          ; clk         ; 0.000        ; 0.036      ; 0.416      ;
; 0.297 ; buzzer:buzzer_inst|counter[0]                            ; buzzer:buzzer_inst|counter[0]                                    ; clk          ; clk         ; 0.000        ; 0.044      ; 0.425      ;
; 0.297 ; buzzer:buzzer_inst|counter[13]                           ; buzzer:buzzer_inst|counter[13]                                   ; clk          ; clk         ; 0.000        ; 0.044      ; 0.425      ;
; 0.297 ; buzzer:buzzer_inst|antidrebezg:debounce_down|counter[7]  ; buzzer:buzzer_inst|antidrebezg:debounce_down|counter[7]          ; clk          ; clk         ; 0.000        ; 0.035      ; 0.416      ;
; 0.299 ; buzzer:buzzer_inst|counter[14]                           ; buzzer:buzzer_inst|counter[14]                                   ; clk          ; clk         ; 0.000        ; 0.044      ; 0.427      ;
; 0.300 ; buzzer:buzzer_inst|antidrebezg:debounce_up|counter[12]   ; buzzer:buzzer_inst|antidrebezg:debounce_up|counter[12]           ; clk          ; clk         ; 0.000        ; 0.036      ; 0.420      ;
; 0.300 ; buzzer:buzzer_inst|antidrebezg:debounce_up|counter[13]   ; buzzer:buzzer_inst|antidrebezg:debounce_up|counter[13]           ; clk          ; clk         ; 0.000        ; 0.036      ; 0.420      ;
; 0.300 ; buzzer:buzzer_inst|counter[12]                           ; buzzer:buzzer_inst|counter[12]                                   ; clk          ; clk         ; 0.000        ; 0.044      ; 0.428      ;
; 0.301 ; buzzer:buzzer_inst|antidrebezg:debounce_down|counter[12] ; buzzer:buzzer_inst|antidrebezg:debounce_down|counter[12]         ; clk          ; clk         ; 0.000        ; 0.035      ; 0.420      ;
; 0.301 ; buzzer:buzzer_inst|antidrebezg:debounce_down|counter[13] ; buzzer:buzzer_inst|antidrebezg:debounce_down|counter[13]         ; clk          ; clk         ; 0.000        ; 0.035      ; 0.420      ;
; 0.305 ; buzzer:buzzer_inst|counter[3]                            ; buzzer:buzzer_inst|counter[3]                                    ; clk          ; clk         ; 0.000        ; 0.036      ; 0.425      ;
; 0.305 ; buzzer:buzzer_inst|counter[5]                            ; buzzer:buzzer_inst|counter[5]                                    ; clk          ; clk         ; 0.000        ; 0.036      ; 0.425      ;
; 0.305 ; buzzer:buzzer_inst|counter[11]                           ; buzzer:buzzer_inst|counter[11]                                   ; clk          ; clk         ; 0.000        ; 0.036      ; 0.425      ;
; 0.305 ; buzzer:buzzer_inst|antidrebezg:debounce_up|counter[0]    ; buzzer:buzzer_inst|antidrebezg:debounce_up|counter[0]            ; clk          ; clk         ; 0.000        ; 0.036      ; 0.425      ;
; 0.306 ; buzzer:buzzer_inst|counter[6]                            ; buzzer:buzzer_inst|counter[6]                                    ; clk          ; clk         ; 0.000        ; 0.036      ; 0.426      ;
; 0.306 ; buzzer:buzzer_inst|counter[7]                            ; buzzer:buzzer_inst|counter[7]                                    ; clk          ; clk         ; 0.000        ; 0.036      ; 0.426      ;
; 0.306 ; buzzer:buzzer_inst|counter[9]                            ; buzzer:buzzer_inst|counter[9]                                    ; clk          ; clk         ; 0.000        ; 0.036      ; 0.426      ;
; 0.306 ; buzzer:buzzer_inst|antidrebezg:debounce_down|counter[0]  ; buzzer:buzzer_inst|antidrebezg:debounce_down|counter[0]          ; clk          ; clk         ; 0.000        ; 0.035      ; 0.425      ;
; 0.306 ; buzzer:buzzer_inst|antidrebezg:debounce_up|counter[8]    ; buzzer:buzzer_inst|antidrebezg:debounce_up|counter[8]            ; clk          ; clk         ; 0.000        ; 0.036      ; 0.426      ;
; 0.306 ; buzzer:buzzer_inst|antidrebezg:debounce_up|counter[11]   ; buzzer:buzzer_inst|antidrebezg:debounce_up|counter[11]           ; clk          ; clk         ; 0.000        ; 0.036      ; 0.426      ;
; 0.307 ; buzzer:buzzer_inst|counter[4]                            ; buzzer:buzzer_inst|counter[4]                                    ; clk          ; clk         ; 0.000        ; 0.036      ; 0.427      ;
; 0.307 ; buzzer:buzzer_inst|counter[8]                            ; buzzer:buzzer_inst|counter[8]                                    ; clk          ; clk         ; 0.000        ; 0.036      ; 0.427      ;
; 0.307 ; buzzer:buzzer_inst|antidrebezg:debounce_down|counter[8]  ; buzzer:buzzer_inst|antidrebezg:debounce_down|counter[8]          ; clk          ; clk         ; 0.000        ; 0.035      ; 0.426      ;
; 0.307 ; buzzer:buzzer_inst|antidrebezg:debounce_down|counter[11] ; buzzer:buzzer_inst|antidrebezg:debounce_down|counter[11]         ; clk          ; clk         ; 0.000        ; 0.035      ; 0.426      ;
; 0.307 ; buzzer:buzzer_inst|antidrebezg:debounce_up|counter[9]    ; buzzer:buzzer_inst|antidrebezg:debounce_up|counter[9]            ; clk          ; clk         ; 0.000        ; 0.036      ; 0.427      ;
; 0.307 ; buzzer:buzzer_inst|antidrebezg:debounce_up|counter[10]   ; buzzer:buzzer_inst|antidrebezg:debounce_up|counter[10]           ; clk          ; clk         ; 0.000        ; 0.036      ; 0.427      ;
; 0.308 ; buzzer:buzzer_inst|counter[10]                           ; buzzer:buzzer_inst|counter[10]                                   ; clk          ; clk         ; 0.000        ; 0.036      ; 0.428      ;
; 0.308 ; buzzer:buzzer_inst|btn_down_delayed                      ; buzzer:buzzer_inst|btn_down_pulse                                ; clk          ; clk         ; 0.000        ; 0.036      ; 0.428      ;
; 0.308 ; buzzer:buzzer_inst|antidrebezg:debounce_down|counter[9]  ; buzzer:buzzer_inst|antidrebezg:debounce_down|counter[9]          ; clk          ; clk         ; 0.000        ; 0.035      ; 0.427      ;
; 0.308 ; buzzer:buzzer_inst|antidrebezg:debounce_down|counter[10] ; buzzer:buzzer_inst|antidrebezg:debounce_down|counter[10]         ; clk          ; clk         ; 0.000        ; 0.035      ; 0.427      ;
; 0.310 ; buzzer:buzzer_inst|target_freq[12]                       ; buzzer:buzzer_inst|target_freq[12]                               ; clk          ; clk         ; 0.000        ; 0.036      ; 0.430      ;
; 0.315 ; buzzer:buzzer_inst|antidrebezg:debounce_up|button_sync   ; buzzer:buzzer_inst|antidrebezg:debounce_up|button_out            ; clk          ; clk         ; 0.000        ; 0.037      ; 0.436      ;
; 0.318 ; buzzer:buzzer_inst|target_freq[9]                        ; buzzer:buzzer_inst|target_freq[9]                                ; clk          ; clk         ; 0.000        ; 0.036      ; 0.438      ;
; 0.318 ; buzzer:buzzer_inst|target_freq[5]                        ; buzzer:buzzer_inst|target_freq[5]                                ; clk          ; clk         ; 0.000        ; 0.036      ; 0.438      ;
; 0.318 ; buzzer:buzzer_inst|target_freq[3]                        ; buzzer:buzzer_inst|target_freq[3]                                ; clk          ; clk         ; 0.000        ; 0.036      ; 0.438      ;
; 0.318 ; buzzer:buzzer_inst|counter[11]                           ; buzzer:buzzer_inst|counter[13]                                   ; clk          ; clk         ; 0.000        ; 0.235      ; 0.637      ;
; 0.319 ; buzzer:buzzer_inst|target_freq[11]                       ; buzzer:buzzer_inst|target_freq[11]                               ; clk          ; clk         ; 0.000        ; 0.036      ; 0.439      ;
; 0.319 ; buzzer:buzzer_inst|target_freq[8]                        ; buzzer:buzzer_inst|target_freq[8]                                ; clk          ; clk         ; 0.000        ; 0.036      ; 0.439      ;
; 0.321 ; buzzer:buzzer_inst|counter[11]                           ; buzzer:buzzer_inst|counter[14]                                   ; clk          ; clk         ; 0.000        ; 0.235      ; 0.640      ;
; 0.322 ; buzzer:buzzer_inst|target_freq[14]                       ; buzzer:buzzer_inst|target_freq[14]                               ; clk          ; clk         ; 0.000        ; 0.036      ; 0.442      ;
; 0.322 ; buzzer:buzzer_inst|counter[9]                            ; buzzer:buzzer_inst|counter[12]                                   ; clk          ; clk         ; 0.000        ; 0.235      ; 0.641      ;
; 0.323 ; buzzer:buzzer_inst|target_freq[13]                       ; buzzer:buzzer_inst|target_freq[13]                               ; clk          ; clk         ; 0.000        ; 0.036      ; 0.443      ;
; 0.323 ; buzzer:buzzer_inst|target_freq[15]                       ; buzzer:buzzer_inst|target_freq[15]                               ; clk          ; clk         ; 0.000        ; 0.036      ; 0.443      ;
; 0.327 ; buzzer:buzzer_inst|antidrebezg:debounce_down|button_sync ; buzzer:buzzer_inst|antidrebezg:debounce_down|button_out          ; clk          ; clk         ; 0.000        ; 0.035      ; 0.446      ;
; 0.333 ; buzzer:buzzer_inst|counter[10]                           ; buzzer:buzzer_inst|counter[13]                                   ; clk          ; clk         ; 0.000        ; 0.235      ; 0.652      ;
; 0.335 ; buzzer:buzzer_inst|counter[8]                            ; buzzer:buzzer_inst|counter[12]                                   ; clk          ; clk         ; 0.000        ; 0.235      ; 0.654      ;
; 0.336 ; buzzer:buzzer_inst|counter[10]                           ; buzzer:buzzer_inst|counter[14]                                   ; clk          ; clk         ; 0.000        ; 0.235      ; 0.655      ;
; 0.346 ; buzzer:buzzer_inst|antidrebezg:debounce_up|button_out    ; buzzer:buzzer_inst|btn_up_delayed                                ; clk          ; clk         ; 0.000        ; 0.037      ; 0.467      ;
; 0.346 ; buzzer:buzzer_inst|antidrebezg:debounce_up|button_sync   ; buzzer:buzzer_inst|antidrebezg:debounce_up|button_sync_delayed   ; clk          ; clk         ; 0.000        ; 0.037      ; 0.467      ;
; 0.378 ; buzzer:buzzer_inst|target_freq[4]                        ; buzzer:buzzer_inst|target_freq[4]                                ; clk          ; clk         ; 0.000        ; 0.036      ; 0.498      ;
; 0.380 ; buzzer:buzzer_inst|target_freq[6]                        ; buzzer:buzzer_inst|target_freq[6]                                ; clk          ; clk         ; 0.000        ; 0.036      ; 0.500      ;
; 0.384 ; buzzer:buzzer_inst|counter[11]                           ; buzzer:buzzer_inst|counter[15]                                   ; clk          ; clk         ; 0.000        ; 0.235      ; 0.703      ;
; 0.385 ; buzzer:buzzer_inst|counter[9]                            ; buzzer:buzzer_inst|counter[13]                                   ; clk          ; clk         ; 0.000        ; 0.235      ; 0.704      ;
; 0.388 ; buzzer:buzzer_inst|counter[7]                            ; buzzer:buzzer_inst|counter[12]                                   ; clk          ; clk         ; 0.000        ; 0.235      ; 0.707      ;
; 0.388 ; buzzer:buzzer_inst|counter[9]                            ; buzzer:buzzer_inst|counter[14]                                   ; clk          ; clk         ; 0.000        ; 0.235      ; 0.707      ;
; 0.398 ; buzzer:buzzer_inst|counter[8]                            ; buzzer:buzzer_inst|counter[13]                                   ; clk          ; clk         ; 0.000        ; 0.235      ; 0.717      ;
; 0.399 ; buzzer:buzzer_inst|counter[10]                           ; buzzer:buzzer_inst|counter[15]                                   ; clk          ; clk         ; 0.000        ; 0.235      ; 0.718      ;
; 0.400 ; buzzer:buzzer_inst|counter[6]                            ; buzzer:buzzer_inst|counter[12]                                   ; clk          ; clk         ; 0.000        ; 0.235      ; 0.719      ;
; 0.401 ; buzzer:buzzer_inst|counter[8]                            ; buzzer:buzzer_inst|counter[14]                                   ; clk          ; clk         ; 0.000        ; 0.235      ; 0.720      ;
; 0.417 ; buzzer:buzzer_inst|antidrebezg:debounce_down|button_out  ; buzzer:buzzer_inst|btn_down_pulse                                ; clk          ; clk         ; 0.000        ; 0.043      ; 0.544      ;
; 0.419 ; buzzer:buzzer_inst|antidrebezg:debounce_down|button_out  ; buzzer:buzzer_inst|btn_down_delayed                              ; clk          ; clk         ; 0.000        ; 0.043      ; 0.546      ;
; 0.423 ; buzzer:buzzer_inst|target_freq[10]                       ; buzzer:buzzer_inst|target_freq[10]                               ; clk          ; clk         ; 0.000        ; 0.036      ; 0.543      ;
; 0.426 ; buzzer:buzzer_inst|target_freq[7]                        ; buzzer:buzzer_inst|target_freq[7]                                ; clk          ; clk         ; 0.000        ; 0.036      ; 0.546      ;
; 0.435 ; buzzer:buzzer_inst|counter[1]                            ; buzzer:buzzer_inst|counter[2]                                    ; clk          ; clk         ; 0.000        ; 0.044      ; 0.563      ;
; 0.442 ; buzzer:buzzer_inst|antidrebezg:debounce_up|counter[3]    ; buzzer:buzzer_inst|antidrebezg:debounce_up|counter[4]            ; clk          ; clk         ; 0.000        ; 0.036      ; 0.562      ;
; 0.443 ; buzzer:buzzer_inst|antidrebezg:debounce_up|counter[1]    ; buzzer:buzzer_inst|antidrebezg:debounce_up|counter[2]            ; clk          ; clk         ; 0.000        ; 0.036      ; 0.563      ;
; 0.443 ; buzzer:buzzer_inst|antidrebezg:debounce_up|counter[5]    ; buzzer:buzzer_inst|antidrebezg:debounce_up|counter[6]            ; clk          ; clk         ; 0.000        ; 0.036      ; 0.563      ;
; 0.443 ; buzzer:buzzer_inst|antidrebezg:debounce_down|counter[3]  ; buzzer:buzzer_inst|antidrebezg:debounce_down|counter[4]          ; clk          ; clk         ; 0.000        ; 0.035      ; 0.562      ;
; 0.444 ; buzzer:buzzer_inst|counter[0]                            ; buzzer:buzzer_inst|counter[1]                                    ; clk          ; clk         ; 0.000        ; 0.044      ; 0.572      ;
; 0.444 ; buzzer:buzzer_inst|antidrebezg:debounce_down|counter[1]  ; buzzer:buzzer_inst|antidrebezg:debounce_down|counter[2]          ; clk          ; clk         ; 0.000        ; 0.035      ; 0.563      ;
; 0.444 ; buzzer:buzzer_inst|antidrebezg:debounce_down|counter[5]  ; buzzer:buzzer_inst|antidrebezg:debounce_down|counter[6]          ; clk          ; clk         ; 0.000        ; 0.035      ; 0.563      ;
; 0.444 ; buzzer:buzzer_inst|antidrebezg:debounce_up|counter[7]    ; buzzer:buzzer_inst|antidrebezg:debounce_up|counter[8]            ; clk          ; clk         ; 0.000        ; 0.036      ; 0.564      ;
; 0.445 ; buzzer:buzzer_inst|antidrebezg:debounce_down|counter[7]  ; buzzer:buzzer_inst|antidrebezg:debounce_down|counter[8]          ; clk          ; clk         ; 0.000        ; 0.035      ; 0.564      ;
; 0.446 ; buzzer:buzzer_inst|counter[13]                           ; buzzer:buzzer_inst|counter[14]                                   ; clk          ; clk         ; 0.000        ; 0.044      ; 0.574      ;
; 0.447 ; buzzer:buzzer_inst|counter[0]                            ; buzzer:buzzer_inst|counter[2]                                    ; clk          ; clk         ; 0.000        ; 0.044      ; 0.575      ;
; 0.448 ; buzzer:buzzer_inst|antidrebezg:debounce_up|counter[13]   ; buzzer:buzzer_inst|antidrebezg:debounce_up|counter[14]           ; clk          ; clk         ; 0.000        ; 0.036      ; 0.568      ;
; 0.449 ; buzzer:buzzer_inst|antidrebezg:debounce_down|counter[13] ; buzzer:buzzer_inst|antidrebezg:debounce_down|counter[14]         ; clk          ; clk         ; 0.000        ; 0.035      ; 0.568      ;
+-------+----------------------------------------------------------+------------------------------------------------------------------+--------------+-------------+--------------+------------+------------+


----------------------------------------------
; Fast 1200mV 0C Model Metastability Summary ;
----------------------------------------------
No synchronizer chains to report.


+--------------------------------------------------------------------------------+
; Multicorner Timing Analysis Summary                                            ;
+------------------+----------+-------+----------+---------+---------------------+
; Clock            ; Setup    ; Hold  ; Recovery ; Removal ; Minimum Pulse Width ;
+------------------+----------+-------+----------+---------+---------------------+
; Worst-case Slack ; -3.998   ; 0.186 ; N/A      ; N/A     ; -3.000              ;
;  clk             ; -3.998   ; 0.186 ; N/A      ; N/A     ; -3.000              ;
; Design-wide TNS  ; -183.932 ; 0.0   ; 0.0      ; 0.0     ; -107.09             ;
;  clk             ; -183.932 ; 0.000 ; N/A      ; N/A     ; -107.090            ;
+------------------+----------+-------+----------+---------+---------------------+


+------------------------------------------------------------------------------------------------------------------------------------------------------------------------------------------------------------------------------------------------------------------------------------------------------------------------------------------------------------------------------------------------------------------+
; Board Trace Model Assignments                                                                                                                                                                                                                                                                                                                                                                                    ;
+---------------+--------------+-------------------+-------------------------+-------------------------+---------------+---------------------+----------------+------------------+--------+------------------+------------------------+------------------------+--------------+---------------+-----------------+-------+---------------------+--------------------+---------------+-----------------+-------------+
; Pin           ; I/O Standard ; Near Tline Length ; Near Tline L per Length ; Near Tline C per Length ; Near Series R ; Near Differential R ; Near Pull-up R ; Near Pull-down R ; Near C ; Far Tline Length ; Far Tline L per Length ; Far Tline C per Length ; Far Series R ; Far Pull-up R ; Far Pull-down R ; Far C ; Termination Voltage ; Far Differential R ; EBD File Name ; EBD Signal Name ; EBD Far-end ;
+---------------+--------------+-------------------+-------------------------+-------------------------+---------------+---------------------+----------------+------------------+--------+------------------+------------------------+------------------------+--------------+---------------+-----------------+-------+---------------------+--------------------+---------------+-----------------+-------------+
; pwm_out       ; 2.5 V        ; 0 in              ; 0 H/in                  ; 0 F/in                  ; short         ; -                   ; open           ; open             ; open   ; 0 in             ; 0 H/in                 ; 0 F/in                 ; short        ; open          ; open            ; open  ; 0 V                 ; -                  ; n/a           ; n/a             ; n/a         ;
; ~ALTERA_DCLK~ ; 2.5 V        ; 0 in              ; 0 H/in                  ; 0 F/in                  ; short         ; -                   ; open           ; open             ; open   ; 0 in             ; 0 H/in                 ; 0 F/in                 ; short        ; open          ; open            ; open  ; 0 V                 ; -                  ; n/a           ; n/a             ; n/a         ;
; ~ALTERA_nCEO~ ; 2.5 V        ; 0 in              ; 0 H/in                  ; 0 F/in                  ; short         ; -                   ; open           ; open             ; open   ; 0 in             ; 0 H/in                 ; 0 F/in                 ; short        ; open          ; open            ; open  ; 0 V                 ; -                  ; n/a           ; n/a             ; n/a         ;
+---------------+--------------+-------------------+-------------------------+-------------------------+---------------+---------------------+----------------+------------------+--------+------------------+------------------------+------------------------+--------------+---------------+-----------------+-------+---------------------+--------------------+---------------+-----------------+-------------+


+----------------------------------------------------------------------------+
; Input Transition Times                                                     ;
+-------------------------+--------------+-----------------+-----------------+
; Pin                     ; I/O Standard ; 10-90 Rise Time ; 90-10 Fall Time ;
+-------------------------+--------------+-----------------+-----------------+
; clk                     ; 2.5 V        ; 2000 ps         ; 2000 ps         ;
; rst_n                   ; 2.5 V        ; 2000 ps         ; 2000 ps         ;
; btn_up                  ; 2.5 V        ; 2000 ps         ; 2000 ps         ;
; btn_down                ; 2.5 V        ; 2000 ps         ; 2000 ps         ;
; ~ALTERA_ASDO_DATA1~     ; 2.5 V        ; 2000 ps         ; 2000 ps         ;
; ~ALTERA_FLASH_nCE_nCSO~ ; 2.5 V        ; 2000 ps         ; 2000 ps         ;
; ~ALTERA_DATA0~          ; 2.5 V        ; 2000 ps         ; 2000 ps         ;
+-------------------------+--------------+-----------------+-----------------+


+--------------------------------------------------------------------------------------------------------------------------------------------------------------------------------------------------------------------------------------------------------------------------------------------------------------------------------------------------------------------------------------------------------------------------------------------------------------------------------------------------------------------------------------------------------------------------------------------------------------------------------------------------------------------------------------------+
; Signal Integrity Metrics (Slow 1200mv 0c Model)                                                                                                                                                                                                                                                                                                                                                                                                                                                                                                                                                                                                                                            ;
+---------------+--------------+---------------------+---------------------+------------------------------+------------------------------+---------------------+---------------------+--------------------------------------+--------------------------------------+-----------------------------+-----------------------------+----------------------------+----------------------------+-----------------------------+-----------------------------+--------------------+--------------------+-------------------------------------+-------------------------------------+----------------------------+----------------------------+---------------------------+---------------------------+
; Pin           ; I/O Standard ; Board Delay on Rise ; Board Delay on Fall ; Steady State Voh at FPGA Pin ; Steady State Vol at FPGA Pin ; Voh Max at FPGA Pin ; Vol Min at FPGA Pin ; Ringback Voltage on Rise at FPGA Pin ; Ringback Voltage on Fall at FPGA Pin ; 10-90 Rise Time at FPGA Pin ; 90-10 Fall Time at FPGA Pin ; Monotonic Rise at FPGA Pin ; Monotonic Fall at FPGA Pin ; Steady State Voh at Far-end ; Steady State Vol at Far-end ; Voh Max at Far-end ; Vol Min at Far-end ; Ringback Voltage on Rise at Far-end ; Ringback Voltage on Fall at Far-end ; 10-90 Rise Time at Far-end ; 90-10 Fall Time at Far-end ; Monotonic Rise at Far-end ; Monotonic Fall at Far-end ;
+---------------+--------------+---------------------+---------------------+------------------------------+------------------------------+---------------------+---------------------+--------------------------------------+--------------------------------------+-----------------------------+-----------------------------+----------------------------+----------------------------+-----------------------------+-----------------------------+--------------------+--------------------+-------------------------------------+-------------------------------------+----------------------------+----------------------------+---------------------------+---------------------------+
; pwm_out       ; 2.5 V        ; 0 s                 ; 0 s                 ; 2.32 V                       ; 2.8e-09 V                    ; 2.37 V              ; -0.00373 V          ; 0.104 V                              ; 0.011 V                              ; 4.34e-10 s                  ; 3.82e-10 s                  ; Yes                        ; Yes                        ; 2.32 V                      ; 2.8e-09 V                   ; 2.37 V             ; -0.00373 V         ; 0.104 V                             ; 0.011 V                             ; 4.34e-10 s                 ; 3.82e-10 s                 ; Yes                       ; Yes                       ;
; ~ALTERA_DCLK~ ; 2.5 V        ; 0 s                 ; 0 s                 ; 2.32 V                       ; 1.74e-09 V                   ; 2.37 V              ; -0.0346 V           ; 0.198 V                              ; 0.094 V                              ; 3.14e-10 s                  ; 2.92e-10 s                  ; Yes                        ; Yes                        ; 2.32 V                      ; 1.74e-09 V                  ; 2.37 V             ; -0.0346 V          ; 0.198 V                             ; 0.094 V                             ; 3.14e-10 s                 ; 2.92e-10 s                 ; Yes                       ; Yes                       ;
; ~ALTERA_nCEO~ ; 2.5 V        ; 0 s                 ; 0 s                 ; 2.32 V                       ; 2.57e-09 V                   ; 2.37 V              ; -0.00683 V          ; 0.171 V                              ; 0.018 V                              ; 4.97e-10 s                  ; 6.66e-10 s                  ; Yes                        ; Yes                        ; 2.32 V                      ; 2.57e-09 V                  ; 2.37 V             ; -0.00683 V         ; 0.171 V                             ; 0.018 V                             ; 4.97e-10 s                 ; 6.66e-10 s                 ; Yes                       ; Yes                       ;
+---------------+--------------+---------------------+---------------------+------------------------------+------------------------------+---------------------+---------------------+--------------------------------------+--------------------------------------+-----------------------------+-----------------------------+----------------------------+----------------------------+-----------------------------+-----------------------------+--------------------+--------------------+-------------------------------------+-------------------------------------+----------------------------+----------------------------+---------------------------+---------------------------+


+--------------------------------------------------------------------------------------------------------------------------------------------------------------------------------------------------------------------------------------------------------------------------------------------------------------------------------------------------------------------------------------------------------------------------------------------------------------------------------------------------------------------------------------------------------------------------------------------------------------------------------------------------------------------------------------------+
; Signal Integrity Metrics (Slow 1200mv 85c Model)                                                                                                                                                                                                                                                                                                                                                                                                                                                                                                                                                                                                                                           ;
+---------------+--------------+---------------------+---------------------+------------------------------+------------------------------+---------------------+---------------------+--------------------------------------+--------------------------------------+-----------------------------+-----------------------------+----------------------------+----------------------------+-----------------------------+-----------------------------+--------------------+--------------------+-------------------------------------+-------------------------------------+----------------------------+----------------------------+---------------------------+---------------------------+
; Pin           ; I/O Standard ; Board Delay on Rise ; Board Delay on Fall ; Steady State Voh at FPGA Pin ; Steady State Vol at FPGA Pin ; Voh Max at FPGA Pin ; Vol Min at FPGA Pin ; Ringback Voltage on Rise at FPGA Pin ; Ringback Voltage on Fall at FPGA Pin ; 10-90 Rise Time at FPGA Pin ; 90-10 Fall Time at FPGA Pin ; Monotonic Rise at FPGA Pin ; Monotonic Fall at FPGA Pin ; Steady State Voh at Far-end ; Steady State Vol at Far-end ; Voh Max at Far-end ; Vol Min at Far-end ; Ringback Voltage on Rise at Far-end ; Ringback Voltage on Fall at Far-end ; 10-90 Rise Time at Far-end ; 90-10 Fall Time at Far-end ; Monotonic Rise at Far-end ; Monotonic Fall at Far-end ;
+---------------+--------------+---------------------+---------------------+------------------------------+------------------------------+---------------------+---------------------+--------------------------------------+--------------------------------------+-----------------------------+-----------------------------+----------------------------+----------------------------+-----------------------------+-----------------------------+--------------------+--------------------+-------------------------------------+-------------------------------------+----------------------------+----------------------------+---------------------------+---------------------------+
; pwm_out       ; 2.5 V        ; 0 s                 ; 0 s                 ; 2.32 V                       ; 2.85e-07 V                   ; 2.35 V              ; -0.0123 V           ; 0.144 V                              ; 0.042 V                              ; 4.81e-10 s                  ; 4.81e-10 s                  ; Yes                        ; Yes                        ; 2.32 V                      ; 2.85e-07 V                  ; 2.35 V             ; -0.0123 V          ; 0.144 V                             ; 0.042 V                             ; 4.81e-10 s                 ; 4.81e-10 s                 ; Yes                       ; Yes                       ;
; ~ALTERA_DCLK~ ; 2.5 V        ; 0 s                 ; 0 s                 ; 2.32 V                       ; 1.55e-07 V                   ; 2.35 V              ; -0.00221 V          ; 0.097 V                              ; 0.005 V                              ; 4.49e-10 s                  ; 3.85e-10 s                  ; Yes                        ; Yes                        ; 2.32 V                      ; 1.55e-07 V                  ; 2.35 V             ; -0.00221 V         ; 0.097 V                             ; 0.005 V                             ; 4.49e-10 s                 ; 3.85e-10 s                 ; Yes                       ; Yes                       ;
; ~ALTERA_nCEO~ ; 2.5 V        ; 0 s                 ; 0 s                 ; 2.32 V                       ; 2.54e-07 V                   ; 2.34 V              ; -0.00774 V          ; 0.109 V                              ; 0.026 V                              ; 6.58e-10 s                  ; 8.24e-10 s                  ; Yes                        ; Yes                        ; 2.32 V                      ; 2.54e-07 V                  ; 2.34 V             ; -0.00774 V         ; 0.109 V                             ; 0.026 V                             ; 6.58e-10 s                 ; 8.24e-10 s                 ; Yes                       ; Yes                       ;
+---------------+--------------+---------------------+---------------------+------------------------------+------------------------------+---------------------+---------------------+--------------------------------------+--------------------------------------+-----------------------------+-----------------------------+----------------------------+----------------------------+-----------------------------+-----------------------------+--------------------+--------------------+-------------------------------------+-------------------------------------+----------------------------+----------------------------+---------------------------+---------------------------+


+--------------------------------------------------------------------------------------------------------------------------------------------------------------------------------------------------------------------------------------------------------------------------------------------------------------------------------------------------------------------------------------------------------------------------------------------------------------------------------------------------------------------------------------------------------------------------------------------------------------------------------------------------------------------------------------------+
; Signal Integrity Metrics (Fast 1200mv 0c Model)                                                                                                                                                                                                                                                                                                                                                                                                                                                                                                                                                                                                                                            ;
+---------------+--------------+---------------------+---------------------+------------------------------+------------------------------+---------------------+---------------------+--------------------------------------+--------------------------------------+-----------------------------+-----------------------------+----------------------------+----------------------------+-----------------------------+-----------------------------+--------------------+--------------------+-------------------------------------+-------------------------------------+----------------------------+----------------------------+---------------------------+---------------------------+
; Pin           ; I/O Standard ; Board Delay on Rise ; Board Delay on Fall ; Steady State Voh at FPGA Pin ; Steady State Vol at FPGA Pin ; Voh Max at FPGA Pin ; Vol Min at FPGA Pin ; Ringback Voltage on Rise at FPGA Pin ; Ringback Voltage on Fall at FPGA Pin ; 10-90 Rise Time at FPGA Pin ; 90-10 Fall Time at FPGA Pin ; Monotonic Rise at FPGA Pin ; Monotonic Fall at FPGA Pin ; Steady State Voh at Far-end ; Steady State Vol at Far-end ; Voh Max at Far-end ; Vol Min at Far-end ; Ringback Voltage on Rise at Far-end ; Ringback Voltage on Fall at Far-end ; 10-90 Rise Time at Far-end ; 90-10 Fall Time at Far-end ; Monotonic Rise at Far-end ; Monotonic Fall at Far-end ;
+---------------+--------------+---------------------+---------------------+------------------------------+------------------------------+---------------------+---------------------+--------------------------------------+--------------------------------------+-----------------------------+-----------------------------+----------------------------+----------------------------+-----------------------------+-----------------------------+--------------------+--------------------+-------------------------------------+-------------------------------------+----------------------------+----------------------------+---------------------------+---------------------------+
; pwm_out       ; 2.5 V        ; 0 s                 ; 0 s                 ; 2.62 V                       ; 4.05e-08 V                   ; 2.72 V              ; -0.0349 V           ; 0.173 V                              ; 0.1 V                                ; 2.72e-10 s                  ; 2.69e-10 s                  ; Yes                        ; Yes                        ; 2.62 V                      ; 4.05e-08 V                  ; 2.72 V             ; -0.0349 V          ; 0.173 V                             ; 0.1 V                               ; 2.72e-10 s                 ; 2.69e-10 s                 ; Yes                       ; Yes                       ;
; ~ALTERA_DCLK~ ; 2.5 V        ; 0 s                 ; 0 s                 ; 2.62 V                       ; 2.22e-08 V                   ; 2.74 V              ; -0.06 V             ; 0.158 V                              ; 0.08 V                               ; 2.68e-10 s                  ; 2.19e-10 s                  ; Yes                        ; Yes                        ; 2.62 V                      ; 2.22e-08 V                  ; 2.74 V             ; -0.06 V            ; 0.158 V                             ; 0.08 V                              ; 2.68e-10 s                 ; 2.19e-10 s                 ; Yes                       ; Yes                       ;
; ~ALTERA_nCEO~ ; 2.5 V        ; 0 s                 ; 0 s                 ; 2.62 V                       ; 3.54e-08 V                   ; 2.7 V               ; -0.00943 V          ; 0.276 V                              ; 0.035 V                              ; 3.19e-10 s                  ; 4.99e-10 s                  ; No                         ; Yes                        ; 2.62 V                      ; 3.54e-08 V                  ; 2.7 V              ; -0.00943 V         ; 0.276 V                             ; 0.035 V                             ; 3.19e-10 s                 ; 4.99e-10 s                 ; No                        ; Yes                       ;
+---------------+--------------+---------------------+---------------------+------------------------------+------------------------------+---------------------+---------------------+--------------------------------------+--------------------------------------+-----------------------------+-----------------------------+----------------------------+----------------------------+-----------------------------+-----------------------------+--------------------+--------------------+-------------------------------------+-------------------------------------+----------------------------+----------------------------+---------------------------+---------------------------+


+-------------------------------------------------------------------+
; Setup Transfers                                                   ;
+------------+----------+----------+----------+----------+----------+
; From Clock ; To Clock ; RR Paths ; FR Paths ; RF Paths ; FF Paths ;
+------------+----------+----------+----------+----------+----------+
; clk        ; clk      ; 2467     ; 0        ; 0        ; 0        ;
+------------+----------+----------+----------+----------+----------+
Entries labeled "false path" only account for clock-to-clock false paths and not path-based false paths. As a result, actual path counts may be lower than reported.


+-------------------------------------------------------------------+
; Hold Transfers                                                    ;
+------------+----------+----------+----------+----------+----------+
; From Clock ; To Clock ; RR Paths ; FR Paths ; RF Paths ; FF Paths ;
+------------+----------+----------+----------+----------+----------+
; clk        ; clk      ; 2467     ; 0        ; 0        ; 0        ;
+------------+----------+----------+----------+----------+----------+
Entries labeled "false path" only account for clock-to-clock false paths and not path-based false paths. As a result, actual path counts may be lower than reported.


---------------
; Report TCCS ;
---------------
No dedicated SERDES Transmitter circuitry present in device or used in design


---------------
; Report RSKM ;
---------------
No non-DPA dedicated SERDES Receiver circuitry present in device or used in design


+------------------------------------------------+
; Unconstrained Paths Summary                    ;
+---------------------------------+-------+------+
; Property                        ; Setup ; Hold ;
+---------------------------------+-------+------+
; Illegal Clocks                  ; 0     ; 0    ;
; Unconstrained Clocks            ; 0     ; 0    ;
; Unconstrained Input Ports       ; 3     ; 3    ;
; Unconstrained Input Port Paths  ; 72    ; 72   ;
; Unconstrained Output Ports      ; 1     ; 1    ;
; Unconstrained Output Port Paths ; 1     ; 1    ;
+---------------------------------+-------+------+


+-------------------------------------+
; Clock Status Summary                ;
+--------+-------+------+-------------+
; Target ; Clock ; Type ; Status      ;
+--------+-------+------+-------------+
; clk    ; clk   ; Base ; Constrained ;
+--------+-------+------+-------------+


+---------------------------------------------------------------------------------------------------+
; Unconstrained Input Ports                                                                         ;
+------------+--------------------------------------------------------------------------------------+
; Input Port ; Comment                                                                              ;
+------------+--------------------------------------------------------------------------------------+
; btn_down   ; No input delay, min/max delays, false-path exceptions, or max skew assignments found ;
; btn_up     ; No input delay, min/max delays, false-path exceptions, or max skew assignments found ;
; rst_n      ; No input delay, min/max delays, false-path exceptions, or max skew assignments found ;
+------------+--------------------------------------------------------------------------------------+


+-----------------------------------------------------------------------------------------------------+
; Unconstrained Output Ports                                                                          ;
+-------------+---------------------------------------------------------------------------------------+
; Output Port ; Comment                                                                               ;
+-------------+---------------------------------------------------------------------------------------+
; pwm_out     ; No output delay, min/max delays, false-path exceptions, or max skew assignments found ;
+-------------+---------------------------------------------------------------------------------------+


+---------------------------------------------------------------------------------------------------+
; Unconstrained Input Ports                                                                         ;
+------------+--------------------------------------------------------------------------------------+
; Input Port ; Comment                                                                              ;
+------------+--------------------------------------------------------------------------------------+
; btn_down   ; No input delay, min/max delays, false-path exceptions, or max skew assignments found ;
; btn_up     ; No input delay, min/max delays, false-path exceptions, or max skew assignments found ;
; rst_n      ; No input delay, min/max delays, false-path exceptions, or max skew assignments found ;
+------------+--------------------------------------------------------------------------------------+


+-----------------------------------------------------------------------------------------------------+
; Unconstrained Output Ports                                                                          ;
+-------------+---------------------------------------------------------------------------------------+
; Output Port ; Comment                                                                               ;
+-------------+---------------------------------------------------------------------------------------+
; pwm_out     ; No output delay, min/max delays, false-path exceptions, or max skew assignments found ;
+-------------+---------------------------------------------------------------------------------------+


+--------------------------+
; Timing Analyzer Messages ;
+--------------------------+
Info: *******************************************************************
Info: Running Quartus Prime Timing Analyzer
    Info: Version 20.1.1 Build 720 11/11/2020 SJ Lite Edition
    Info: Processing started: Thu Oct 30 22:00:51 2025
Info: Command: quartus_sta buzzer -c buzzer
Info: qsta_default_script.tcl version: #1
Warning (18236): Number of processors has not been specified which may cause overloading on shared machines.  Set the global assignment NUM_PARALLEL_PROCESSORS in your QSF to an appropriate value for best performance.
Info (20030): Parallel compilation is enabled and will use 16 of the 16 processors detected
Info (21077): Low junction temperature is 0 degrees C
Info (21077): High junction temperature is 85 degrees C
Critical Warning (332012): Synopsys Design Constraints File file not found: 'buzzer.sdc'. A Synopsys Design Constraints File is required by the Timing Analyzer to get proper timing constraints. Without it, the Compiler will not properly optimize the design.
Info (332142): No user constrained base clocks found in the design. Calling "derive_clocks -period 1.0"
Info (332105): Deriving Clocks
    Info (332105): create_clock -period 1.000 -name clk clk
Info (332143): No user constrained clock uncertainty found in the design. Calling "derive_clock_uncertainty"
Info (332123): Deriving Clock Uncertainty. Please refer to report_sdc in the Timing Analyzer to see clock uncertainties.
Info: Found TIMING_ANALYZER_REPORT_SCRIPT_INCLUDE_DEFAULT_ANALYSIS = ON
Info: Analyzing Slow 1200mV 85C Model
Critical Warning (332148): Timing requirements not met
    Info (11105): For recommendations on closing timing, run Report Timing Closure Recommendations in the Timing Analyzer.
Info (332146): Worst-case setup slack is -3.998
    Info (332119):     Slack       End Point TNS Clock 
    Info (332119): ========= =================== =====================
    Info (332119):    -3.998            -183.932 clk 
Info (332146): Worst-case hold slack is 0.452
    Info (332119):     Slack       End Point TNS Clock 
    Info (332119): ========= =================== =====================
    Info (332119):     0.452               0.000 clk 
Info (332140): No Recovery paths to report
Info (332140): No Removal paths to report
Info (332146): Worst-case minimum pulse width slack is -3.000
    Info (332119):     Slack       End Point TNS Clock 
    Info (332119): ========= =================== =====================
    Info (332119):    -3.000            -107.090 clk 
Info: Analyzing Slow 1200mV 0C Model
Info (334003): Started post-fitting delay annotation
Info (334004): Delay annotation completed successfully
Info (332123): Deriving Clock Uncertainty. Please refer to report_sdc in the Timing Analyzer to see clock uncertainties.
Critical Warning (332148): Timing requirements not met
    Info (11105): For recommendations on closing timing, run Report Timing Closure Recommendations in the Timing Analyzer.
Info (332146): Worst-case setup slack is -3.642
    Info (332119):     Slack       End Point TNS Clock 
    Info (332119): ========= =================== =====================
    Info (332119):    -3.642            -165.800 clk 
Info (332146): Worst-case hold slack is 0.401
    Info (332119):     Slack       End Point TNS Clock 
    Info (332119): ========= =================== =====================
    Info (332119):     0.401               0.000 clk 
Info (332140): No Recovery paths to report
Info (332140): No Removal paths to report
Info (332146): Worst-case minimum pulse width slack is -3.000
    Info (332119):     Slack       End Point TNS Clock 
    Info (332119): ========= =================== =====================
    Info (332119):    -3.000            -107.090 clk 
Info: Analyzing Fast 1200mV 0C Model
Info (332123): Deriving Clock Uncertainty. Please refer to report_sdc in the Timing Analyzer to see clock uncertainties.
Critical Warning (332148): Timing requirements not met
    Info (11105): For recommendations on closing timing, run Report Timing Closure Recommendations in the Timing Analyzer.
Info (332146): Worst-case setup slack is -1.169
    Info (332119):     Slack       End Point TNS Clock 
    Info (332119): ========= =================== =====================
    Info (332119):    -1.169             -41.105 clk 
Info (332146): Worst-case hold slack is 0.186
    Info (332119):     Slack       End Point TNS Clock 
    Info (332119): ========= =================== =====================
    Info (332119):     0.186               0.000 clk 
Info (332140): No Recovery paths to report
Info (332140): No Removal paths to report
Info (332146): Worst-case minimum pulse width slack is -3.000
    Info (332119):     Slack       End Point TNS Clock 
    Info (332119): ========= =================== =====================
    Info (332119):    -3.000             -77.728 clk 
Info (332102): Design is not fully constrained for setup requirements
Info (332102): Design is not fully constrained for hold requirements
Info: Quartus Prime Timing Analyzer was successful. 0 errors, 5 warnings
    Info: Peak virtual memory: 4895 megabytes
    Info: Processing ended: Thu Oct 30 22:00:55 2025
    Info: Elapsed time: 00:00:04
    Info: Total CPU time (on all processors): 00:00:01


